insight_id,category,kol_tier,kol_is_investigator,region,novelty_score,n_corroborating_notes,days_since_captured,sentiment,has_compliance_flag,insight_char_length,aligned_to_strategic_priority,selected_for_review
HIST-00001,CLINICAL_TRIAL_EXPERIENCE,2,0,US-Central,0.755,6,215,0,1,116,0,0
HIST-00002,ACCESS_REIMBURSEMENT,2,0,US-West,0.262,6,221,1,0,147,1,0
HIST-00003,CLINICAL_TRIAL_EXPERIENCE,3,1,APAC,0.254,6,140,1,1,213,0,0
HIST-00004,SAFETY_TOLERABILITY,3,0,EMEA,0.473,1,91,0,0,183,1,0
HIST-00005,ACCESS_REIMBURSEMENT,2,1,APAC,0.053,3,375,-1,0,156,0,0
HIST-00006,PATIENT_EXPERIENCE_ADHERENCE,3,0,APAC,0.195,0,236,1,0,246,0,0
HIST-00007,PATIENT_EXPERIENCE_ADHERENCE,2,0,APAC,0.178,5,242,-1,0,298,0,0
HIST-00008,DOSING_ADMINISTRATION,3,0,US-East,0.249,0,331,0,0,161,1,0
HIST-00009,DATA_GAP_EVIDENCE_NEED,3,0,US-East,0.261,7,176,1,0,251,1,0
HIST-00010,PATIENT_EXPERIENCE_ADHERENCE,3,0,US-Central,0.199,0,336,-1,0,182,1,0
HIST-00011,DATA_GAP_EVIDENCE_NEED,2,0,EMEA,0.182,7,6,0,0,287,0,0
HIST-00012,SAFETY_TOLERABILITY,3,1,US-East,0.417,4,72,0,0,293,0,0
HIST-00013,EFFICACY_REAL_WORLD,3,0,APAC,0.307,9,73,0,0,223,0,1
HIST-00014,UNMET_NEED,3,0,APAC,0.346,7,97,0,0,322,1,0
HIST-00015,EFFICACY_REAL_WORLD,3,0,US-East,0.445,0,188,0,0,194,0,0
HIST-00016,COMPETITIVE_LANDSCAPE,1,0,EMEA,0.176,4,310,0,1,115,0,0
HIST-00017,PATIENT_SELECTION_POSITIONING,2,1,US-East,0.096,9,225,0,0,181,0,1
HIST-00018,DIAGNOSTIC_MONITORING,2,0,APAC,0.339,9,378,0,0,219,1,1
HIST-00019,COMPETITIVE_LANDSCAPE,2,0,US-Central,0.139,6,9,0,0,143,0,0
HIST-00020,GUIDELINES_PRACTICE_PATTERNS,3,0,APAC,0.411,0,91,0,0,182,1,0
HIST-00021,DOSING_ADMINISTRATION,2,0,US-West,0.432,0,22,0,0,222,0,0
HIST-00022,PATIENT_EXPERIENCE_ADHERENCE,3,0,EMEA,0.504,9,252,1,1,196,0,0
HIST-00023,DOSING_ADMINISTRATION,1,0,EMEA,0.339,2,385,0,0,253,0,0
HIST-00024,UNMET_NEED,2,0,US-Central,0.388,2,397,-1,0,157,0,0
HIST-00025,PATIENT_SELECTION_POSITIONING,2,0,EMEA,0.293,3,218,-1,0,241,0,0
HIST-00026,CLINICAL_TRIAL_EXPERIENCE,3,0,US-Central,0.121,5,375,-1,0,302,1,0
HIST-00027,PATIENT_EXPERIENCE_ADHERENCE,3,0,US-Central,0.522,4,105,0,0,149,1,0
HIST-00028,DIAGNOSTIC_MONITORING,2,1,US-West,0.247,4,57,-1,0,316,0,0
HIST-00029,PATIENT_SELECTION_POSITIONING,2,0,US-Central,0.187,6,229,0,0,133,0,0
HIST-00030,EFFICACY_REAL_WORLD,2,1,US-East,0.241,5,180,-1,0,194,1,0
HIST-00031,PATIENT_SELECTION_POSITIONING,3,0,EMEA,0.344,6,238,0,0,237,1,0
HIST-00032,PATIENT_SELECTION_POSITIONING,2,0,US-Central,0.253,8,11,0,1,212,1,1
HIST-00033,EFFICACY_REAL_WORLD,3,0,US-West,0.357,2,82,0,0,243,1,0
HIST-00034,EFFICACY_REAL_WORLD,3,0,EMEA,0.074,8,335,0,0,288,1,0
HIST-00035,UNMET_NEED,1,1,US-Central,0.534,0,288,-1,0,129,1,1
HIST-00036,PATIENT_SELECTION_POSITIONING,3,0,EMEA,0.356,0,78,0,0,164,1,0
HIST-00037,ACCESS_REIMBURSEMENT,2,1,EMEA,0.371,0,108,-1,0,129,1,1
HIST-00038,GUIDELINES_PRACTICE_PATTERNS,1,0,US-East,0.414,1,387,0,0,252,0,0
HIST-00039,UNMET_NEED,2,0,US-Central,0.221,7,245,-1,0,253,0,1
HIST-00040,COMPETITIVE_LANDSCAPE,1,0,EMEA,0.084,8,100,-1,0,35,0,0
HIST-00041,DOSING_ADMINISTRATION,2,0,US-West,0.439,6,171,1,0,189,0,0
HIST-00042,UNMET_NEED,2,0,EMEA,0.692,3,289,0,0,214,0,0
HIST-00043,DATA_GAP_EVIDENCE_NEED,3,0,US-West,0.232,6,389,0,0,316,0,0
HIST-00044,DATA_GAP_EVIDENCE_NEED,2,0,EMEA,0.236,2,9,0,0,316,1,0
HIST-00045,UNMET_NEED,3,0,APAC,0.704,3,120,0,0,236,1,1
HIST-00046,DOSING_ADMINISTRATION,2,0,US-West,0.299,1,279,1,0,238,1,0
HIST-00047,ACCESS_REIMBURSEMENT,2,0,EMEA,0.285,9,277,-1,0,81,0,0
HIST-00048,DOSING_ADMINISTRATION,1,0,US-Central,0.251,3,122,-1,0,314,0,0
HIST-00049,PATIENT_SELECTION_POSITIONING,2,0,EMEA,0.48,9,144,0,0,222,0,0
HIST-00050,SAFETY_TOLERABILITY,3,0,US-East,0.412,1,28,1,0,275,1,0
HIST-00051,DATA_GAP_EVIDENCE_NEED,2,1,APAC,0.425,0,185,0,0,105,1,0
HIST-00052,EFFICACY_REAL_WORLD,2,1,EMEA,0.212,2,311,-1,0,200,0,0
HIST-00053,ACCESS_REIMBURSEMENT,1,1,US-Central,0.141,8,342,0,0,213,1,1
HIST-00054,SAFETY_TOLERABILITY,3,0,APAC,0.466,0,253,0,0,184,0,0
HIST-00055,SAFETY_TOLERABILITY,2,1,US-East,0.464,0,350,-1,0,214,1,1
HIST-00056,UNMET_NEED,3,0,US-Central,0.148,9,334,1,0,149,0,0
HIST-00057,DATA_GAP_EVIDENCE_NEED,2,1,US-West,0.692,1,343,-1,0,210,1,1
HIST-00058,COMPETITIVE_LANDSCAPE,2,0,EMEA,0.594,0,215,-1,0,209,1,0
HIST-00059,GUIDELINES_PRACTICE_PATTERNS,1,1,EMEA,0.742,4,266,-1,0,257,0,1
HIST-00060,EFFICACY_REAL_WORLD,2,0,APAC,0.094,2,201,-1,0,230,1,0
HIST-00061,DOSING_ADMINISTRATION,3,0,US-East,0.732,3,114,-1,0,181,0,1
HIST-00062,CLINICAL_TRIAL_EXPERIENCE,3,0,US-Central,0.073,4,29,-1,1,99,1,0
HIST-00063,DOSING_ADMINISTRATION,2,0,US-Central,0.124,0,376,0,0,140,0,1
HIST-00064,SAFETY_TOLERABILITY,2,0,EMEA,0.073,10,264,-1,0,103,1,0
HIST-00065,ACCESS_REIMBURSEMENT,3,0,US-East,0.209,0,348,0,0,181,0,0
HIST-00066,COMPETITIVE_LANDSCAPE,3,0,APAC,0.259,1,243,0,0,97,1,0
HIST-00067,GUIDELINES_PRACTICE_PATTERNS,1,0,US-East,0.39,6,190,0,0,234,0,0
HIST-00068,EFFICACY_REAL_WORLD,2,0,EMEA,0.236,0,366,-1,0,111,1,0
HIST-00069,DOSING_ADMINISTRATION,2,1,US-Central,0.593,1,114,1,0,209,1,0
HIST-00070,DOSING_ADMINISTRATION,2,0,US-West,0.463,2,223,0,0,138,1,0
HIST-00071,COMPETITIVE_LANDSCAPE,2,0,APAC,0.493,0,134,0,0,366,0,1
HIST-00072,SAFETY_TOLERABILITY,3,0,APAC,0.269,2,260,0,0,105,0,0
HIST-00073,COMPETITIVE_LANDSCAPE,1,1,APAC,0.345,3,118,0,0,167,1,1
HIST-00074,EFFICACY_REAL_WORLD,2,0,US-Central,0.355,1,324,0,0,180,1,0
HIST-00075,UNMET_NEED,2,0,EMEA,0.114,4,87,0,0,109,1,0
HIST-00076,SAFETY_TOLERABILITY,2,0,US-East,0.216,0,382,0,0,228,1,0
HIST-00077,COMPETITIVE_LANDSCAPE,2,0,US-East,0.368,2,251,1,0,155,1,0
HIST-00078,DATA_GAP_EVIDENCE_NEED,1,0,EMEA,0.302,0,225,-1,0,162,0,0
HIST-00079,CLINICAL_TRIAL_EXPERIENCE,3,0,EMEA,0.226,2,54,0,0,195,1,0
HIST-00080,ACCESS_REIMBURSEMENT,3,0,US-East,0.245,10,204,-1,0,194,0,0
HIST-00081,GUIDELINES_PRACTICE_PATTERNS,2,0,EMEA,0.303,3,220,1,0,183,0,0
HIST-00082,PATIENT_SELECTION_POSITIONING,3,0,APAC,0.105,0,329,1,0,229,0,0
HIST-00083,ACCESS_REIMBURSEMENT,3,0,US-West,0.249,5,202,1,0,182,0,0
HIST-00084,DATA_GAP_EVIDENCE_NEED,2,0,APAC,0.176,1,348,-1,0,231,1,0
HIST-00085,GUIDELINES_PRACTICE_PATTERNS,2,0,US-West,0.33,4,49,-1,0,289,1,1
HIST-00086,COMPETITIVE_LANDSCAPE,2,0,EMEA,0.097,4,339,-1,0,154,1,0
HIST-00087,ACCESS_REIMBURSEMENT,1,1,US-East,0.383,2,72,0,0,215,0,0
HIST-00088,EFFICACY_REAL_WORLD,3,0,US-Central,0.099,11,154,-1,1,237,1,0
HIST-00089,UNMET_NEED,3,0,EMEA,0.026,2,68,0,0,146,1,0
HIST-00090,DOSING_ADMINISTRATION,3,0,US-East,0.202,3,272,1,0,185,1,0
HIST-00091,DATA_GAP_EVIDENCE_NEED,3,0,US-Central,0.36,2,53,0,0,248,1,0
HIST-00092,COMPETITIVE_LANDSCAPE,2,0,US-East,0.359,0,135,-1,0,249,0,0
HIST-00093,EFFICACY_REAL_WORLD,2,0,EMEA,0.531,6,112,-1,0,179,1,1
HIST-00094,UNMET_NEED,1,1,US-East,0.31,2,289,-1,0,220,0,0
HIST-00095,DATA_GAP_EVIDENCE_NEED,2,0,US-Central,0.38,0,7,-1,0,189,0,0
HIST-00096,PATIENT_SELECTION_POSITIONING,2,1,US-West,0.139,1,357,-1,0,72,1,0
HIST-00097,DOSING_ADMINISTRATION,1,1,US-Central,0.344,1,88,-1,0,133,1,0
HIST-00098,EFFICACY_REAL_WORLD,2,0,EMEA,0.155,4,264,0,0,243,0,0
HIST-00099,EFFICACY_REAL_WORLD,2,0,US-East,0.321,5,270,-1,0,94,1,0
HIST-00100,PATIENT_EXPERIENCE_ADHERENCE,2,0,US-West,0.445,3,230,0,0,171,1,0
HIST-00101,DOSING_ADMINISTRATION,1,1,EMEA,0.293,1,350,-1,0,199,0,1
HIST-00102,ACCESS_REIMBURSEMENT,1,0,US-Central,0.341,1,59,0,0,139,1,0
HIST-00103,DOSING_ADMINISTRATION,1,0,US-West,0.358,7,45,0,0,219,1,1
HIST-00104,DIAGNOSTIC_MONITORING,3,0,EMEA,0.14,4,8,-1,0,162,1,0
HIST-00105,PATIENT_SELECTION_POSITIONING,3,0,US-West,0.454,3,312,-1,0,222,1,1
HIST-00106,CLINICAL_TRIAL_EXPERIENCE,3,0,US-East,0.373,0,366,0,0,197,1,0
HIST-00107,CLINICAL_TRIAL_EXPERIENCE,3,0,EMEA,0.099,2,388,1,0,353,0,0
HIST-00108,EFFICACY_REAL_WORLD,2,1,US-West,0.273,5,151,0,0,266,0,0
HIST-00109,PATIENT_SELECTION_POSITIONING,1,1,EMEA,0.262,1,35,1,0,195,1,0
HIST-00110,DIAGNOSTIC_MONITORING,2,1,US-West,0.024,1,237,0,0,220,0,0
HIST-00111,CLINICAL_TRIAL_EXPERIENCE,2,1,US-East,0.342,1,335,0,0,233,1,0
HIST-00112,DOSING_ADMINISTRATION,2,0,US-East,0.112,2,11,0,0,266,0,0
HIST-00113,DOSING_ADMINISTRATION,1,1,EMEA,0.174,2,199,1,0,168,1,0
HIST-00114,DIAGNOSTIC_MONITORING,1,1,US-West,0.278,0,84,-1,0,250,0,0
HIST-00115,SAFETY_TOLERABILITY,3,0,APAC,0.244,2,363,-1,0,184,0,0
HIST-00116,PATIENT_EXPERIENCE_ADHERENCE,2,0,US-East,0.119,7,128,0,0,295,0,0
HIST-00117,CLINICAL_TRIAL_EXPERIENCE,2,1,US-East,0.071,8,285,-1,0,172,0,0
HIST-00118,COMPETITIVE_LANDSCAPE,2,0,US-Central,0.254,11,76,0,0,193,1,1
HIST-00119,PATIENT_EXPERIENCE_ADHERENCE,2,1,US-East,0.162,9,155,0,1,271,0,1
HIST-00120,DIAGNOSTIC_MONITORING,2,0,US-East,0.359,2,383,0,0,103,1,0
HIST-00121,ACCESS_REIMBURSEMENT,2,0,US-Central,0.175,3,185,0,0,171,1,0
HIST-00122,UNMET_NEED,3,0,US-East,0.18,1,64,0,0,190,0,1
HIST-00123,UNMET_NEED,3,1,US-Central,0.363,0,244,0,0,329,1,0
HIST-00124,ACCESS_REIMBURSEMENT,2,0,APAC,0.34,1,37,-1,0,167,0,1
HIST-00125,GUIDELINES_PRACTICE_PATTERNS,2,1,US-West,0.232,8,391,0,0,273,0,0
HIST-00126,UNMET_NEED,2,0,US-East,0.261,6,175,-1,0,105,1,0
HIST-00127,PATIENT_SELECTION_POSITIONING,3,1,US-East,0.044,2,203,-1,0,197,0,0
HIST-00128,ACCESS_REIMBURSEMENT,2,0,US-East,0.093,1,221,-1,0,241,0,0
HIST-00129,DATA_GAP_EVIDENCE_NEED,2,0,EMEA,0.075,5,266,0,0,176,0,0
HIST-00130,CLINICAL_TRIAL_EXPERIENCE,3,0,US-East,0.234,4,14,-1,1,170,1,1
HIST-00131,DOSING_ADMINISTRATION,2,0,US-West,0.732,0,156,0,0,247,1,0
HIST-00132,SAFETY_TOLERABILITY,3,0,US-Central,0.533,10,212,-1,0,193,1,1
HIST-00133,EFFICACY_REAL_WORLD,2,0,US-East,0.119,4,341,0,0,286,0,1
HIST-00134,SAFETY_TOLERABILITY,2,1,EMEA,0.375,1,396,1,0,268,0,0
HIST-00135,CLINICAL_TRIAL_EXPERIENCE,3,0,EMEA,0.258,0,27,-1,0,161,0,0
HIST-00136,CLINICAL_TRIAL_EXPERIENCE,1,0,US-East,0.231,8,387,-1,0,108,0,0
HIST-00137,DATA_GAP_EVIDENCE_NEED,2,0,US-East,0.494,1,378,0,1,180,1,1
HIST-00138,UNMET_NEED,1,0,US-Central,0.154,2,294,0,0,319,1,0
HIST-00139,COMPETITIVE_LANDSCAPE,2,0,US-East,0.341,5,155,1,1,218,0,0
HIST-00140,COMPETITIVE_LANDSCAPE,2,0,US-East,0.456,3,132,1,0,137,0,0
HIST-00141,PATIENT_EXPERIENCE_ADHERENCE,1,1,US-West,0.238,6,364,-1,0,202,0,1
HIST-00142,UNMET_NEED,2,0,US-West,0.609,8,314,0,0,198,0,0
HIST-00143,DATA_GAP_EVIDENCE_NEED,3,1,US-East,0.486,4,168,-1,0,157,1,0
HIST-00144,DOSING_ADMINISTRATION,1,0,US-West,0.362,0,302,1,0,210,1,0
HIST-00145,EFFICACY_REAL_WORLD,3,0,EMEA,0.28,2,144,0,0,230,0,0
HIST-00146,DIAGNOSTIC_MONITORING,3,0,US-Central,0.132,1,215,0,0,170,0,0
HIST-00147,GUIDELINES_PRACTICE_PATTERNS,3,0,EMEA,0.315,0,248,-1,0,94,0,0
HIST-00148,UNMET_NEED,1,1,US-West,0.168,1,273,-1,0,350,1,0
HIST-00149,COMPETITIVE_LANDSCAPE,3,0,US-West,0.13,2,20,-1,0,286,0,0
HIST-00150,UNMET_NEED,2,0,US-East,0.179,4,309,0,0,360,1,1
HIST-00151,GUIDELINES_PRACTICE_PATTERNS,3,0,APAC,0.51,6,43,0,0,229,1,1
HIST-00152,DIAGNOSTIC_MONITORING,3,1,US-East,0.294,1,116,0,0,117,0,0
HIST-00153,CLINICAL_TRIAL_EXPERIENCE,2,0,US-West,0.185,5,318,1,0,142,1,0
HIST-00154,GUIDELINES_PRACTICE_PATTERNS,2,0,EMEA,0.187,9,32,-1,0,191,1,0
HIST-00155,CLINICAL_TRIAL_EXPERIENCE,2,0,APAC,0.448,9,224,-1,0,211,1,0
HIST-00156,PATIENT_EXPERIENCE_ADHERENCE,3,0,US-East,0.258,1,344,1,0,248,0,0
HIST-00157,ACCESS_REIMBURSEMENT,1,1,US-East,0.392,2,198,0,0,222,1,0
HIST-00158,COMPETITIVE_LANDSCAPE,2,1,APAC,0.194,0,251,0,0,235,1,0
HIST-00159,DATA_GAP_EVIDENCE_NEED,2,0,US-Central,0.156,5,49,-1,0,130,1,1
HIST-00160,UNMET_NEED,1,1,APAC,0.397,4,285,0,0,177,0,0
HIST-00161,EFFICACY_REAL_WORLD,1,1,APAC,0.269,2,141,-1,0,49,0,0
HIST-00162,DATA_GAP_EVIDENCE_NEED,1,0,US-Central,0.282,4,46,-1,0,289,0,0
HIST-00163,EFFICACY_REAL_WORLD,2,0,US-East,0.414,2,72,-1,0,235,1,0
HIST-00164,DATA_GAP_EVIDENCE_NEED,2,0,EMEA,0.203,3,178,0,0,220,0,0
HIST-00165,COMPETITIVE_LANDSCAPE,1,1,APAC,0.33,1,80,1,0,188,0,0
HIST-00166,EFFICACY_REAL_WORLD,2,0,APAC,0.192,4,161,0,0,113,0,0
HIST-00167,DATA_GAP_EVIDENCE_NEED,2,0,US-East,0.14,9,83,0,0,297,1,0
HIST-00168,ACCESS_REIMBURSEMENT,2,1,EMEA,0.083,3,36,-1,0,262,0,0
HIST-00169,PATIENT_EXPERIENCE_ADHERENCE,2,0,APAC,0.555,0,389,-1,0,180,0,1
HIST-00170,GUIDELINES_PRACTICE_PATTERNS,2,1,US-East,0.249,4,336,0,0,204,1,0
HIST-00171,DATA_GAP_EVIDENCE_NEED,2,0,EMEA,0.069,0,125,-1,0,257,0,0
HIST-00172,UNMET_NEED,3,0,US-Central,0.237,5,106,1,0,188,0,0
HIST-00173,DATA_GAP_EVIDENCE_NEED,2,0,US-Central,0.126,6,224,0,0,260,1,0
HIST-00174,ACCESS_REIMBURSEMENT,1,1,US-East,0.314,5,146,0,0,283,0,0
HIST-00175,PATIENT_SELECTION_POSITIONING,2,0,US-East,0.635,4,90,1,0,284,0,0
HIST-00176,ACCESS_REIMBURSEMENT,3,0,US-West,0.522,0,237,1,0,278,0,0
HIST-00177,DOSING_ADMINISTRATION,1,0,US-Central,0.234,2,246,0,0,159,1,0
HIST-00178,COMPETITIVE_LANDSCAPE,3,0,EMEA,0.56,5,318,0,0,163,1,0
HIST-00179,DOSING_ADMINISTRATION,1,1,US-West,0.055,0,64,-1,0,106,1,0
HIST-00180,DATA_GAP_EVIDENCE_NEED,3,0,APAC,0.37,10,356,1,0,251,1,0
HIST-00181,PATIENT_EXPERIENCE_ADHERENCE,2,0,US-Central,0.253,2,95,0,0,241,0,0
HIST-00182,PATIENT_SELECTION_POSITIONING,3,0,US-Central,0.215,7,252,0,0,174,0,0
HIST-00183,SAFETY_TOLERABILITY,1,0,US-West,0.549,0,95,0,0,96,1,0
HIST-00184,DOSING_ADMINISTRATION,2,0,EMEA,0.149,0,273,-1,1,164,0,0
HIST-00185,DATA_GAP_EVIDENCE_NEED,2,1,APAC,0.026,4,373,0,0,188,0,0
HIST-00186,ACCESS_REIMBURSEMENT,1,1,US-Central,0.465,4,294,0,0,212,1,1
HIST-00187,DOSING_ADMINISTRATION,1,0,APAC,0.325,0,117,1,0,186,0,0
HIST-00188,DOSING_ADMINISTRATION,2,0,EMEA,0.335,3,259,0,0,186,0,0
HIST-00189,SAFETY_TOLERABILITY,1,1,EMEA,0.178,2,84,-1,0,285,1,1
HIST-00190,DATA_GAP_EVIDENCE_NEED,3,0,EMEA,0.211,0,18,1,0,194,1,0
HIST-00191,CLINICAL_TRIAL_EXPERIENCE,1,0,APAC,0.443,6,97,0,0,201,1,1
HIST-00192,CLINICAL_TRIAL_EXPERIENCE,1,1,US-Central,0.24,0,42,1,0,184,0,0
HIST-00193,PATIENT_SELECTION_POSITIONING,2,0,APAC,0.235,5,28,-1,0,137,0,0
HIST-00194,COMPETITIVE_LANDSCAPE,1,0,US-East,0.014,6,264,0,0,243,1,0
HIST-00195,DOSING_ADMINISTRATION,1,1,US-West,0.34,3,167,-1,0,191,0,1
HIST-00196,DOSING_ADMINISTRATION,3,0,EMEA,0.246,10,71,-1,0,194,0,0
HIST-00197,CLINICAL_TRIAL_EXPERIENCE,2,0,APAC,0.743,3,302,-1,0,140,0,1
HIST-00198,EFFICACY_REAL_WORLD,3,0,EMEA,0.405,8,300,1,0,159,0,0
HIST-00199,UNMET_NEED,2,1,APAC,0.308,7,359,-1,1,175,0,0
HIST-00200,PATIENT_EXPERIENCE_ADHERENCE,1,1,US-Central,0.245,0,268,0,0,290,0,0
HIST-00201,PATIENT_SELECTION_POSITIONING,2,1,US-West,0.338,10,383,-1,0,151,1,0
HIST-00202,DATA_GAP_EVIDENCE_NEED,3,0,US-West,0.05,9,113,0,0,158,0,0
HIST-00203,UNMET_NEED,1,1,EMEA,0.216,1,284,0,0,193,0,0
HIST-00204,COMPETITIVE_LANDSCAPE,3,0,US-East,0.445,4,398,1,1,205,1,0
HIST-00205,EFFICACY_REAL_WORLD,2,1,US-West,0.126,6,160,-1,1,151,0,0
HIST-00206,DOSING_ADMINISTRATION,2,0,US-East,0.25,5,332,0,0,119,1,0
HIST-00207,DATA_GAP_EVIDENCE_NEED,2,1,EMEA,0.09,11,234,0,1,102,1,1
HIST-00208,PATIENT_EXPERIENCE_ADHERENCE,1,1,US-West,0.279,6,115,0,0,216,0,0
HIST-00209,GUIDELINES_PRACTICE_PATTERNS,2,0,EMEA,0.468,0,345,0,1,195,1,0
HIST-00210,SAFETY_TOLERABILITY,2,0,APAC,0.386,4,132,1,0,219,0,0
HIST-00211,PATIENT_EXPERIENCE_ADHERENCE,2,0,US-Central,0.505,9,346,0,0,243,0,0
HIST-00212,DATA_GAP_EVIDENCE_NEED,1,0,US-East,0.214,4,345,0,0,138,0,0
HIST-00213,DATA_GAP_EVIDENCE_NEED,1,0,US-East,0.479,0,207,0,0,144,1,0
HIST-00214,DOSING_ADMINISTRATION,2,0,US-Central,0.469,3,253,-1,0,99,0,0
HIST-00215,COMPETITIVE_LANDSCAPE,1,1,US-West,0.191,4,364,0,0,270,0,0
HIST-00216,GUIDELINES_PRACTICE_PATTERNS,2,0,EMEA,0.271,4,351,0,0,229,0,0
HIST-00217,UNMET_NEED,3,0,US-West,0.274,6,128,0,0,183,1,0
HIST-00218,ACCESS_REIMBURSEMENT,1,1,US-West,0.176,1,187,-1,1,209,1,0
HIST-00219,SAFETY_TOLERABILITY,2,0,US-West,0.211,1,377,-1,0,361,0,0
HIST-00220,ACCESS_REIMBURSEMENT,2,0,US-West,0.356,6,319,0,0,194,0,0
HIST-00221,ACCESS_REIMBURSEMENT,3,0,US-East,0.151,5,318,0,0,124,0,0
HIST-00222,DIAGNOSTIC_MONITORING,3,0,US-Central,0.53,7,192,0,0,247,0,0
HIST-00223,PATIENT_EXPERIENCE_ADHERENCE,1,1,US-West,0.417,8,151,-1,0,146,0,0
HIST-00224,GUIDELINES_PRACTICE_PATTERNS,3,0,EMEA,0.562,3,357,0,0,83,1,0
HIST-00225,ACCESS_REIMBURSEMENT,3,0,US-Central,0.068,3,185,0,0,227,0,0
HIST-00226,SAFETY_TOLERABILITY,2,1,US-West,0.471,5,125,-1,0,208,0,0
HIST-00227,CLINICAL_TRIAL_EXPERIENCE,3,1,US-East,0.38,0,86,0,0,184,0,1
HIST-00228,ACCESS_REIMBURSEMENT,1,1,APAC,0.076,9,30,-1,0,182,0,1
HIST-00229,DIAGNOSTIC_MONITORING,3,0,US-East,0.12,9,275,0,0,203,1,0
HIST-00230,DATA_GAP_EVIDENCE_NEED,1,0,APAC,0.221,7,284,-1,0,124,1,0
HIST-00231,SAFETY_TOLERABILITY,2,0,EMEA,0.027,1,174,-1,0,152,0,0
HIST-00232,COMPETITIVE_LANDSCAPE,2,0,APAC,0.192,1,32,0,0,154,0,0
HIST-00233,UNMET_NEED,3,1,EMEA,0.162,5,44,0,0,133,1,0
HIST-00234,PATIENT_EXPERIENCE_ADHERENCE,1,0,US-East,0.334,2,236,0,0,291,0,0
HIST-00235,UNMET_NEED,3,0,US-Central,0.451,8,297,0,0,169,1,0
HIST-00236,PATIENT_SELECTION_POSITIONING,1,1,US-East,0.181,2,30,-1,0,195,0,1
HIST-00237,ACCESS_REIMBURSEMENT,1,1,US-East,0.113,7,196,0,0,223,1,1
HIST-00238,CLINICAL_TRIAL_EXPERIENCE,2,0,US-Central,0.128,5,238,0,0,136,1,0
HIST-00239,DIAGNOSTIC_MONITORING,3,0,US-Central,0.127,2,398,-1,0,123,1,0
HIST-00240,EFFICACY_REAL_WORLD,2,0,US-West,0.182,3,11,-1,0,96,0,0
HIST-00241,PATIENT_EXPERIENCE_ADHERENCE,2,0,US-West,0.164,3,283,-1,0,150,0,0
HIST-00242,COMPETITIVE_LANDSCAPE,3,0,US-West,0.516,5,81,0,0,235,1,0
HIST-00243,PATIENT_SELECTION_POSITIONING,3,0,US-East,0.091,4,318,1,0,106,0,0
HIST-00244,ACCESS_REIMBURSEMENT,2,0,US-East,0.114,5,242,0,1,74,1,0
HIST-00245,PATIENT_SELECTION_POSITIONING,2,0,US-West,0.044,8,214,-1,0,329,0,0
HIST-00246,ACCESS_REIMBURSEMENT,3,1,US-West,0.658,8,324,0,0,377,1,0
HIST-00247,EFFICACY_REAL_WORLD,1,1,US-West,0.454,2,1,-1,0,138,1,0
HIST-00248,DATA_GAP_EVIDENCE_NEED,3,0,US-Central,0.149,3,223,-1,1,189,0,0
HIST-00249,SAFETY_TOLERABILITY,2,0,US-Central,0.043,6,359,-1,0,180,1,0
HIST-00250,GUIDELINES_PRACTICE_PATTERNS,2,0,APAC,0.062,8,384,-1,1,247,1,1
HIST-00251,EFFICACY_REAL_WORLD,3,0,APAC,0.142,4,7,-1,0,344,1,0
HIST-00252,CLINICAL_TRIAL_EXPERIENCE,2,0,US-East,0.151,2,118,0,0,148,0,0
HIST-00253,CLINICAL_TRIAL_EXPERIENCE,2,0,US-East,0.456,1,293,-1,0,276,0,0
HIST-00254,DATA_GAP_EVIDENCE_NEED,3,0,EMEA,0.159,4,46,0,0,271,1,0
HIST-00255,EFFICACY_REAL_WORLD,3,0,US-West,0.179,0,265,1,0,205,0,1
HIST-00256,DATA_GAP_EVIDENCE_NEED,2,1,EMEA,0.104,0,280,0,0,327,0,0
HIST-00257,SAFETY_TOLERABILITY,2,0,US-West,0.111,7,393,0,1,165,1,0
HIST-00258,DOSING_ADMINISTRATION,2,0,US-West,0.294,3,277,1,0,192,0,0
HIST-00259,PATIENT_SELECTION_POSITIONING,2,0,EMEA,0.189,0,309,1,1,86,1,0
HIST-00260,DIAGNOSTIC_MONITORING,1,0,EMEA,0.18,6,211,0,0,212,0,0
HIST-00261,CLINICAL_TRIAL_EXPERIENCE,1,0,US-Central,0.187,2,217,1,0,233,0,0
HIST-00262,EFFICACY_REAL_WORLD,2,0,US-Central,0.169,3,297,-1,0,340,0,0
HIST-00263,COMPETITIVE_LANDSCAPE,2,0,US-East,0.394,3,286,-1,0,178,0,1
HIST-00264,GUIDELINES_PRACTICE_PATTERNS,2,0,US-West,0.114,4,207,-1,0,220,1,0
HIST-00265,GUIDELINES_PRACTICE_PATTERNS,2,0,US-West,0.239,4,153,0,1,197,0,0
HIST-00266,PATIENT_EXPERIENCE_ADHERENCE,3,1,US-West,0.492,4,273,-1,0,291,1,0
HIST-00267,ACCESS_REIMBURSEMENT,3,0,APAC,0.043,6,192,-1,0,141,1,0
HIST-00268,UNMET_NEED,1,0,US-East,0.057,2,278,1,0,29,0,0
HIST-00269,UNMET_NEED,3,1,EMEA,0.467,2,380,1,0,79,1,0
HIST-00270,GUIDELINES_PRACTICE_PATTERNS,3,1,US-East,0.475,2,350,1,0,168,0,0
HIST-00271,PATIENT_SELECTION_POSITIONING,2,0,US-East,0.167,4,328,-1,0,173,0,0
HIST-00272,UNMET_NEED,3,0,US-West,0.39,9,91,0,0,214,0,0
HIST-00273,GUIDELINES_PRACTICE_PATTERNS,1,1,APAC,0.356,5,360,-1,1,112,0,1
HIST-00274,SAFETY_TOLERABILITY,2,0,US-Central,0.169,2,253,0,0,234,1,0
HIST-00275,EFFICACY_REAL_WORLD,1,0,US-East,0.581,6,280,1,0,158,0,0
HIST-00276,EFFICACY_REAL_WORLD,3,1,APAC,0.159,3,23,-1,0,71,0,0
HIST-00277,DOSING_ADMINISTRATION,3,0,APAC,0.267,6,212,-1,0,156,0,0
HIST-00278,DATA_GAP_EVIDENCE_NEED,1,0,EMEA,0.131,6,375,0,0,171,1,0
HIST-00279,GUIDELINES_PRACTICE_PATTERNS,2,1,US-Central,0.434,4,231,0,0,163,1,0
HIST-00280,DATA_GAP_EVIDENCE_NEED,2,0,US-Central,0.245,3,212,-1,0,255,1,0
HIST-00281,DOSING_ADMINISTRATION,1,1,US-West,0.133,2,387,-1,0,152,0,0
HIST-00282,UNMET_NEED,2,0,US-East,0.403,0,92,-1,0,140,0,0
HIST-00283,CLINICAL_TRIAL_EXPERIENCE,2,1,EMEA,0.243,5,382,-1,0,82,0,0
HIST-00284,GUIDELINES_PRACTICE_PATTERNS,3,0,EMEA,0.366,1,73,0,0,271,0,0
HIST-00285,PATIENT_EXPERIENCE_ADHERENCE,3,0,EMEA,0.211,2,164,0,0,240,0,0
HIST-00286,COMPETITIVE_LANDSCAPE,2,0,US-Central,0.377,6,244,-1,0,275,1,0
HIST-00287,DIAGNOSTIC_MONITORING,2,0,EMEA,0.163,3,155,-1,0,99,0,0
HIST-00288,EFFICACY_REAL_WORLD,2,1,US-East,0.292,5,16,-1,0,128,0,0
HIST-00289,UNMET_NEED,3,1,US-East,0.552,3,94,1,0,178,1,0
HIST-00290,PATIENT_SELECTION_POSITIONING,2,1,EMEA,0.345,0,41,1,0,297,1,1
HIST-00291,PATIENT_SELECTION_POSITIONING,2,0,APAC,0.224,2,316,0,0,198,1,0
HIST-00292,PATIENT_EXPERIENCE_ADHERENCE,2,0,US-East,0.446,1,141,-1,0,246,1,0
HIST-00293,DOSING_ADMINISTRATION,1,1,US-West,0.108,4,186,0,0,132,0,0
HIST-00294,SAFETY_TOLERABILITY,3,0,US-Central,0.452,6,206,-1,0,229,0,0
HIST-00295,UNMET_NEED,1,1,EMEA,0.238,1,192,1,1,167,1,0
HIST-00296,PATIENT_SELECTION_POSITIONING,2,0,US-West,0.159,6,266,0,0,149,0,0
HIST-00297,PATIENT_EXPERIENCE_ADHERENCE,2,0,US-East,0.432,4,228,0,0,145,0,0
HIST-00298,GUIDELINES_PRACTICE_PATTERNS,3,0,US-Central,0.537,1,93,-1,0,219,1,1
HIST-00299,DATA_GAP_EVIDENCE_NEED,1,0,APAC,0.499,7,330,1,0,157,1,1
HIST-00300,PATIENT_SELECTION_POSITIONING,1,1,APAC,0.233,9,339,1,0,304,0,0
HIST-00301,UNMET_NEED,2,0,US-West,0.472,0,223,0,0,290,0,0
HIST-00302,DIAGNOSTIC_MONITORING,2,0,US-East,0.21,2,19,1,0,204,0,0
HIST-00303,SAFETY_TOLERABILITY,1,1,US-Central,0.512,10,173,0,0,196,0,0
HIST-00304,GUIDELINES_PRACTICE_PATTERNS,3,0,US-Central,0.224,3,206,0,0,135,0,0
HIST-00305,SAFETY_TOLERABILITY,2,0,US-East,0.134,2,13,1,0,169,0,0
HIST-00306,COMPETITIVE_LANDSCAPE,2,0,US-West,0.03,2,272,0,0,269,1,0
HIST-00307,GUIDELINES_PRACTICE_PATTERNS,2,1,US-East,0.467,3,252,0,0,205,0,0
HIST-00308,GUIDELINES_PRACTICE_PATTERNS,3,0,US-West,0.212,0,187,0,1,307,1,0
HIST-00309,UNMET_NEED,1,1,US-Central,0.058,3,6,-1,0,243,1,0
HIST-00310,ACCESS_REIMBURSEMENT,3,0,US-Central,0.192,1,279,0,0,151,1,0
HIST-00311,DATA_GAP_EVIDENCE_NEED,2,0,US-West,0.39,0,181,0,0,212,0,0
HIST-00312,DATA_GAP_EVIDENCE_NEED,3,0,US-West,0.349,6,119,1,0,303,0,0
HIST-00313,DATA_GAP_EVIDENCE_NEED,3,0,US-Central,0.483,3,171,0,0,182,1,0
HIST-00314,DOSING_ADMINISTRATION,1,0,APAC,0.582,0,294,1,0,244,0,0
HIST-00315,PATIENT_EXPERIENCE_ADHERENCE,3,0,EMEA,0.331,3,302,-1,0,277,0,1
HIST-00316,PATIENT_EXPERIENCE_ADHERENCE,1,1,APAC,0.234,2,211,-1,0,290,0,0
HIST-00317,ACCESS_REIMBURSEMENT,2,0,EMEA,0.54,0,246,0,0,182,1,0
HIST-00318,UNMET_NEED,1,0,US-Central,0.425,0,313,0,1,233,0,0
HIST-00319,DIAGNOSTIC_MONITORING,2,1,EMEA,0.111,5,314,-1,0,234,0,0
HIST-00320,EFFICACY_REAL_WORLD,2,0,US-West,0.331,1,93,-1,0,248,0,0
HIST-00321,GUIDELINES_PRACTICE_PATTERNS,2,1,US-West,0.261,4,163,-1,0,108,0,1
HIST-00322,EFFICACY_REAL_WORLD,3,0,US-East,0.299,3,342,0,0,226,1,0
HIST-00323,PATIENT_EXPERIENCE_ADHERENCE,1,1,EMEA,0.342,3,130,-1,0,173,0,1
HIST-00324,PATIENT_SELECTION_POSITIONING,2,1,US-West,0.294,2,274,-1,0,210,0,0
HIST-00325,ACCESS_REIMBURSEMENT,3,0,US-West,0.212,3,286,-1,0,152,1,0
HIST-00326,COMPETITIVE_LANDSCAPE,3,1,EMEA,0.105,3,356,-1,0,175,1,0
HIST-00327,SAFETY_TOLERABILITY,1,1,EMEA,0.095,9,275,0,0,220,1,0
HIST-00328,ACCESS_REIMBURSEMENT,2,0,US-East,0.186,2,210,-1,0,78,1,0
HIST-00329,CLINICAL_TRIAL_EXPERIENCE,3,0,US-Central,0.17,3,62,0,0,222,1,0
HIST-00330,GUIDELINES_PRACTICE_PATTERNS,3,1,US-East,0.469,3,276,1,1,174,1,0
HIST-00331,PATIENT_EXPERIENCE_ADHERENCE,2,0,US-Central,0.156,0,398,1,0,300,1,0
HIST-00332,PATIENT_SELECTION_POSITIONING,3,0,US-East,0.373,2,75,0,0,243,0,0
HIST-00333,GUIDELINES_PRACTICE_PATTERNS,1,1,US-East,0.306,3,38,0,0,258,0,0
HIST-00334,CLINICAL_TRIAL_EXPERIENCE,2,0,US-West,0.125,0,82,0,0,244,0,0
HIST-00335,EFFICACY_REAL_WORLD,1,0,US-West,0.015,7,89,1,1,266,0,0
HIST-00336,DATA_GAP_EVIDENCE_NEED,2,0,EMEA,0.36,3,134,-1,0,248,1,0
HIST-00337,GUIDELINES_PRACTICE_PATTERNS,3,0,US-East,0.253,5,212,-1,0,173,0,0
HIST-00338,DOSING_ADMINISTRATION,3,0,EMEA,0.203,4,36,-1,0,132,0,0
HIST-00339,ACCESS_REIMBURSEMENT,3,0,APAC,0.19,5,292,-1,0,166,1,0
HIST-00340,SAFETY_TOLERABILITY,1,0,APAC,0.376,3,62,-1,0,313,0,0
HIST-00341,SAFETY_TOLERABILITY,3,0,EMEA,0.05,7,89,0,0,131,1,0
HIST-00342,COMPETITIVE_LANDSCAPE,2,0,US-West,0.234,0,183,1,0,249,0,0
HIST-00343,UNMET_NEED,3,0,APAC,0.186,4,47,1,0,304,0,0
HIST-00344,DATA_GAP_EVIDENCE_NEED,3,0,APAC,0.24,2,163,-1,0,270,1,1
HIST-00345,EFFICACY_REAL_WORLD,3,0,US-East,0.583,7,19,-1,0,262,0,0
HIST-00346,UNMET_NEED,2,0,EMEA,0.133,0,216,-1,0,201,1,0
HIST-00347,PATIENT_EXPERIENCE_ADHERENCE,1,0,APAC,0.291,0,198,0,0,152,1,0
HIST-00348,CLINICAL_TRIAL_EXPERIENCE,3,1,EMEA,0.304,2,211,-1,0,201,0,0
HIST-00349,DATA_GAP_EVIDENCE_NEED,2,0,EMEA,0.175,7,27,0,0,181,1,0
HIST-00350,DIAGNOSTIC_MONITORING,2,0,EMEA,0.245,5,173,1,0,137,1,0
HIST-00351,DIAGNOSTIC_MONITORING,2,0,US-West,0.4,5,229,0,0,207,0,0
HIST-00352,UNMET_NEED,2,0,APAC,0.055,9,351,-1,0,131,0,0
HIST-00353,PATIENT_SELECTION_POSITIONING,3,0,US-Central,0.256,0,211,-1,0,295,0,0
HIST-00354,DOSING_ADMINISTRATION,3,1,EMEA,0.448,0,152,0,1,223,1,0
HIST-00355,CLINICAL_TRIAL_EXPERIENCE,3,0,US-West,0.252,0,36,0,0,203,1,1
HIST-00356,PATIENT_EXPERIENCE_ADHERENCE,3,0,US-Central,0.166,5,342,0,0,308,1,0
HIST-00357,EFFICACY_REAL_WORLD,2,0,US-East,0.356,8,51,1,0,117,0,0
HIST-00358,PATIENT_EXPERIENCE_ADHERENCE,2,0,US-East,0.153,4,216,-1,0,140,0,0
HIST-00359,CLINICAL_TRIAL_EXPERIENCE,1,1,EMEA,0.216,9,353,-1,0,172,0,1
HIST-00360,GUIDELINES_PRACTICE_PATTERNS,3,0,EMEA,0.085,2,347,0,0,150,0,0
HIST-00361,COMPETITIVE_LANDSCAPE,3,0,US-Central,0.29,1,92,1,0,86,0,0
HIST-00362,UNMET_NEED,3,1,US-West,0.359,1,105,-1,0,152,1,0
HIST-00363,UNMET_NEED,2,0,APAC,0.312,4,347,0,0,270,1,0
HIST-00364,UNMET_NEED,3,1,APAC,0.191,5,195,-1,0,172,1,0
HIST-00365,DIAGNOSTIC_MONITORING,3,1,APAC,0.082,1,45,-1,0,131,0,0
HIST-00366,ACCESS_REIMBURSEMENT,1,0,US-West,0.353,4,29,-1,0,259,0,1
HIST-00367,DOSING_ADMINISTRATION,3,1,US-East,0.416,2,173,0,0,251,0,0
HIST-00368,DOSING_ADMINISTRATION,3,0,US-West,0.116,3,77,-1,0,151,1,0
HIST-00369,DOSING_ADMINISTRATION,2,0,US-East,0.102,0,311,-1,0,227,0,0
HIST-00370,EFFICACY_REAL_WORLD,2,1,APAC,0.346,2,14,-1,0,133,0,1
HIST-00371,PATIENT_EXPERIENCE_ADHERENCE,3,0,APAC,0.149,1,280,0,0,134,1,0
HIST-00372,UNMET_NEED,3,1,APAC,0.292,1,306,0,0,181,1,0
HIST-00373,PATIENT_SELECTION_POSITIONING,1,1,US-East,0.621,5,156,0,1,304,0,0
HIST-00374,PATIENT_SELECTION_POSITIONING,2,0,US-Central,0.291,10,93,0,0,299,0,0
HIST-00375,DATA_GAP_EVIDENCE_NEED,2,0,US-Central,0.365,0,23,0,0,254,1,0
HIST-00376,PATIENT_EXPERIENCE_ADHERENCE,3,0,US-West,0.224,6,351,1,0,165,1,0
HIST-00377,COMPETITIVE_LANDSCAPE,3,0,US-East,0.404,4,119,-1,0,145,1,0
HIST-00378,UNMET_NEED,2,0,US-West,0.242,3,26,-1,0,193,1,0
HIST-00379,DOSING_ADMINISTRATION,2,0,EMEA,0.198,1,183,0,0,111,0,0
HIST-00380,PATIENT_EXPERIENCE_ADHERENCE,1,1,EMEA,0.526,5,41,1,0,264,0,0
HIST-00381,CLINICAL_TRIAL_EXPERIENCE,1,0,US-Central,0.185,8,171,-1,0,179,1,0
HIST-00382,PATIENT_EXPERIENCE_ADHERENCE,3,0,EMEA,0.119,3,348,0,0,305,1,0
HIST-00383,SAFETY_TOLERABILITY,3,0,US-West,0.276,3,301,-1,0,112,0,1
HIST-00384,GUIDELINES_PRACTICE_PATTERNS,3,0,US-East,0.334,8,131,1,0,162,0,0
HIST-00385,DIAGNOSTIC_MONITORING,2,0,US-Central,0.19,7,126,0,0,219,1,0
HIST-00386,COMPETITIVE_LANDSCAPE,2,0,EMEA,0.096,8,129,1,0,222,1,0
HIST-00387,GUIDELINES_PRACTICE_PATTERNS,2,0,APAC,0.152,0,104,1,0,126,0,1
HIST-00388,GUIDELINES_PRACTICE_PATTERNS,1,1,EMEA,0.675,4,280,-1,0,182,1,0
HIST-00389,COMPETITIVE_LANDSCAPE,1,1,US-West,0.281,0,124,-1,0,177,1,0
HIST-00390,DIAGNOSTIC_MONITORING,2,1,US-East,0.092,1,267,0,0,212,1,0
HIST-00391,PATIENT_SELECTION_POSITIONING,2,0,APAC,0.591,8,286,-1,0,178,0,0
HIST-00392,COMPETITIVE_LANDSCAPE,1,0,APAC,0.096,2,13,0,0,201,0,0
HIST-00393,SAFETY_TOLERABILITY,1,0,US-Central,0.184,7,346,0,0,288,0,0
HIST-00394,DATA_GAP_EVIDENCE_NEED,3,1,US-East,0.291,4,371,0,0,130,0,0
HIST-00395,DIAGNOSTIC_MONITORING,1,1,APAC,0.214,0,377,0,0,82,1,0
HIST-00396,PATIENT_SELECTION_POSITIONING,3,0,US-West,0.156,4,276,-1,0,181,0,0
HIST-00397,PATIENT_EXPERIENCE_ADHERENCE,2,0,US-Central,0.386,4,11,-1,0,196,1,0
HIST-00398,ACCESS_REIMBURSEMENT,1,0,APAC,0.341,0,47,0,0,122,0,0
HIST-00399,PATIENT_EXPERIENCE_ADHERENCE,1,0,US-East,0.583,9,398,1,0,206,1,1
HIST-00400,DOSING_ADMINISTRATION,3,0,US-East,0.228,11,27,0,0,63,1,0
HIST-00401,UNMET_NEED,3,0,US-Central,0.189,0,303,-1,0,276,0,0
HIST-00402,DOSING_ADMINISTRATION,3,0,US-East,0.278,1,53,0,0,236,0,0
HIST-00403,DATA_GAP_EVIDENCE_NEED,2,0,US-East,0.459,0,103,-1,0,272,0,0
HIST-00404,DATA_GAP_EVIDENCE_NEED,3,0,US-West,0.104,7,243,-1,0,163,1,0
HIST-00405,CLINICAL_TRIAL_EXPERIENCE,1,0,US-Central,0.336,3,347,-1,1,282,0,1
HIST-00406,CLINICAL_TRIAL_EXPERIENCE,2,1,EMEA,0.07,2,327,1,0,59,1,0
HIST-00407,GUIDELINES_PRACTICE_PATTERNS,3,1,EMEA,0.33,6,106,1,0,260,0,0
HIST-00408,GUIDELINES_PRACTICE_PATTERNS,1,1,APAC,0.246,11,260,0,0,82,1,0
HIST-00409,SAFETY_TOLERABILITY,3,1,US-East,0.24,3,336,0,0,383,0,0
HIST-00410,DOSING_ADMINISTRATION,2,0,US-Central,0.159,2,252,0,0,149,0,0
HIST-00411,EFFICACY_REAL_WORLD,1,0,APAC,0.425,5,75,1,0,218,0,1
HIST-00412,COMPETITIVE_LANDSCAPE,1,0,EMEA,0.188,1,399,0,0,187,0,0
HIST-00413,SAFETY_TOLERABILITY,1,1,US-East,0.29,7,150,0,0,166,1,1
HIST-00414,EFFICACY_REAL_WORLD,2,1,APAC,0.59,9,50,-1,1,148,0,1
HIST-00415,CLINICAL_TRIAL_EXPERIENCE,2,0,US-West,0.31,2,274,-1,1,246,1,0
HIST-00416,SAFETY_TOLERABILITY,3,1,EMEA,0.3,5,235,1,0,67,0,0
HIST-00417,DIAGNOSTIC_MONITORING,2,0,US-West,0.589,5,81,-1,0,209,0,0
HIST-00418,SAFETY_TOLERABILITY,1,1,US-Central,0.186,5,144,-1,0,224,1,0
HIST-00419,PATIENT_SELECTION_POSITIONING,1,1,EMEA,0.142,9,172,-1,0,237,0,1
HIST-00420,SAFETY_TOLERABILITY,2,0,US-East,0.303,3,54,-1,0,246,1,1
HIST-00421,DIAGNOSTIC_MONITORING,2,0,US-East,0.07,2,120,-1,0,183,0,0
HIST-00422,COMPETITIVE_LANDSCAPE,2,0,APAC,0.307,9,210,0,0,60,1,0
HIST-00423,EFFICACY_REAL_WORLD,2,0,APAC,0.142,0,66,-1,0,194,0,0
HIST-00424,SAFETY_TOLERABILITY,1,1,EMEA,0.303,6,23,-1,0,131,0,1
HIST-00425,DOSING_ADMINISTRATION,1,1,EMEA,0.367,1,93,-1,0,212,1,1
HIST-00426,UNMET_NEED,3,0,US-East,0.273,3,15,-1,0,201,0,0
HIST-00427,SAFETY_TOLERABILITY,3,0,US-East,0.029,2,106,-1,0,185,0,0
HIST-00428,CLINICAL_TRIAL_EXPERIENCE,1,1,US-East,0.236,7,224,1,0,154,0,0
HIST-00429,PATIENT_SELECTION_POSITIONING,3,0,US-East,0.435,1,282,0,0,217,0,0
HIST-00430,DATA_GAP_EVIDENCE_NEED,3,0,US-Central,0.578,3,286,-1,0,229,0,0
HIST-00431,UNMET_NEED,1,0,EMEA,0.148,4,115,1,0,265,0,0
HIST-00432,SAFETY_TOLERABILITY,1,0,US-East,0.489,9,145,0,0,223,0,1
HIST-00433,SAFETY_TOLERABILITY,1,0,US-East,0.024,1,90,1,1,139,1,0
HIST-00434,PATIENT_SELECTION_POSITIONING,3,0,US-Central,0.33,9,347,0,0,313,0,0
HIST-00435,PATIENT_SELECTION_POSITIONING,2,0,US-West,0.841,2,175,0,0,69,1,0
HIST-00436,CLINICAL_TRIAL_EXPERIENCE,3,0,EMEA,0.237,2,4,-1,0,289,0,0
HIST-00437,GUIDELINES_PRACTICE_PATTERNS,3,0,EMEA,0.148,0,113,-1,1,190,1,0
HIST-00438,DIAGNOSTIC_MONITORING,1,1,US-Central,0.335,2,366,0,0,237,0,0
HIST-00439,CLINICAL_TRIAL_EXPERIENCE,2,1,US-Central,0.441,8,391,0,0,146,1,0
HIST-00440,SAFETY_TOLERABILITY,3,0,US-West,0.319,0,57,0,0,160,1,0
HIST-00441,PATIENT_EXPERIENCE_ADHERENCE,2,0,US-West,0.033,4,137,-1,0,213,0,0
HIST-00442,CLINICAL_TRIAL_EXPERIENCE,1,0,APAC,0.481,5,153,0,0,189,0,0
HIST-00443,EFFICACY_REAL_WORLD,3,0,US-West,0.514,0,327,0,0,111,1,0
HIST-00444,GUIDELINES_PRACTICE_PATTERNS,3,0,APAC,0.173,1,245,0,0,233,1,0
HIST-00445,EFFICACY_REAL_WORLD,3,0,US-West,0.404,3,153,1,0,265,1,0
HIST-00446,DATA_GAP_EVIDENCE_NEED,2,0,US-West,0.316,11,361,1,0,129,0,0
HIST-00447,COMPETITIVE_LANDSCAPE,2,0,EMEA,0.382,2,354,0,0,201,1,0
HIST-00448,SAFETY_TOLERABILITY,2,1,US-East,0.366,7,314,-1,0,256,1,0
HIST-00449,ACCESS_REIMBURSEMENT,2,0,APAC,0.156,0,358,0,0,227,0,0
HIST-00450,CLINICAL_TRIAL_EXPERIENCE,2,0,US-West,0.425,3,249,0,0,203,1,0
HIST-00451,DATA_GAP_EVIDENCE_NEED,2,0,US-East,0.435,1,208,1,0,261,0,0
HIST-00452,PATIENT_SELECTION_POSITIONING,3,0,APAC,0.21,5,81,0,0,165,1,0
HIST-00453,GUIDELINES_PRACTICE_PATTERNS,2,0,US-West,0.102,6,81,0,0,186,1,0
HIST-00454,GUIDELINES_PRACTICE_PATTERNS,2,0,US-West,0.218,0,117,-1,0,321,0,0
HIST-00455,DATA_GAP_EVIDENCE_NEED,2,0,APAC,0.261,7,67,1,1,307,1,1
HIST-00456,PATIENT_EXPERIENCE_ADHERENCE,3,0,US-West,0.171,4,116,-1,0,168,0,0
HIST-00457,GUIDELINES_PRACTICE_PATTERNS,2,0,US-East,0.382,4,60,0,0,243,1,0
HIST-00458,DATA_GAP_EVIDENCE_NEED,2,0,EMEA,0.392,7,210,0,0,240,1,0
HIST-00459,GUIDELINES_PRACTICE_PATTERNS,3,0,US-East,0.777,4,82,-1,0,301,1,1
HIST-00460,CLINICAL_TRIAL_EXPERIENCE,3,0,US-Central,0.241,9,88,0,0,192,1,0
HIST-00461,COMPETITIVE_LANDSCAPE,2,1,US-West,0.562,10,366,0,1,258,0,1
HIST-00462,UNMET_NEED,1,0,EMEA,0.319,2,95,1,0,122,1,0
HIST-00463,COMPETITIVE_LANDSCAPE,3,0,APAC,0.033,1,173,-1,0,184,1,0
HIST-00464,ACCESS_REIMBURSEMENT,2,0,US-East,0.024,0,109,0,0,242,1,0
HIST-00465,GUIDELINES_PRACTICE_PATTERNS,2,0,EMEA,0.353,4,305,0,0,125,0,0
HIST-00466,COMPETITIVE_LANDSCAPE,1,1,EMEA,0.542,2,54,0,0,246,0,0
HIST-00467,CLINICAL_TRIAL_EXPERIENCE,1,1,US-West,0.421,1,93,0,1,246,1,0
HIST-00468,PATIENT_EXPERIENCE_ADHERENCE,2,0,EMEA,0.428,1,287,-1,0,282,1,0
HIST-00469,CLINICAL_TRIAL_EXPERIENCE,2,0,US-Central,0.192,2,258,1,0,170,1,0
HIST-00470,SAFETY_TOLERABILITY,3,0,EMEA,0.415,6,209,1,0,248,0,0
HIST-00471,DOSING_ADMINISTRATION,2,0,US-East,0.222,8,33,-1,0,192,0,0
HIST-00472,ACCESS_REIMBURSEMENT,3,0,APAC,0.067,7,193,0,0,144,0,0
HIST-00473,CLINICAL_TRIAL_EXPERIENCE,2,0,US-Central,0.235,1,203,-1,0,181,1,0
HIST-00474,GUIDELINES_PRACTICE_PATTERNS,3,0,APAC,0.136,4,197,-1,0,316,0,0
HIST-00475,ACCESS_REIMBURSEMENT,2,0,US-West,0.139,1,42,0,0,192,0,0
HIST-00476,SAFETY_TOLERABILITY,2,1,EMEA,0.506,1,150,-1,0,239,1,0
HIST-00477,PATIENT_SELECTION_POSITIONING,1,1,US-East,0.795,1,256,-1,0,275,0,0
HIST-00478,SAFETY_TOLERABILITY,2,0,EMEA,0.28,1,301,-1,0,237,1,0
HIST-00479,DOSING_ADMINISTRATION,2,0,EMEA,0.75,0,296,1,0,161,0,0
HIST-00480,PATIENT_EXPERIENCE_ADHERENCE,2,0,US-Central,0.162,1,48,-1,0,104,0,0
HIST-00481,SAFETY_TOLERABILITY,2,0,APAC,0.572,0,175,0,1,289,0,1
HIST-00482,EFFICACY_REAL_WORLD,3,1,US-East,0.217,5,251,0,0,149,0,1
HIST-00483,EFFICACY_REAL_WORLD,2,0,US-Central,0.246,2,169,-1,0,197,1,0
HIST-00484,SAFETY_TOLERABILITY,2,0,US-Central,0.256,1,74,1,0,295,1,0
HIST-00485,COMPETITIVE_LANDSCAPE,3,0,APAC,0.052,2,328,1,0,61,1,0
HIST-00486,UNMET_NEED,2,0,US-East,0.067,2,257,0,0,190,1,0
HIST-00487,ACCESS_REIMBURSEMENT,3,0,EMEA,0.483,10,101,0,0,159,0,1
HIST-00488,CLINICAL_TRIAL_EXPERIENCE,2,0,US-Central,0.181,11,156,-1,1,145,0,1
HIST-00489,COMPETITIVE_LANDSCAPE,3,0,EMEA,0.309,6,50,1,0,216,1,0
HIST-00490,ACCESS_REIMBURSEMENT,1,1,EMEA,0.241,4,351,1,0,301,0,0
HIST-00491,EFFICACY_REAL_WORLD,3,0,US-Central,0.269,0,355,1,0,46,1,0
HIST-00492,DATA_GAP_EVIDENCE_NEED,2,1,APAC,0.488,5,374,0,0,124,1,0
HIST-00493,DOSING_ADMINISTRATION,2,0,US-Central,0.218,0,176,-1,0,234,1,1
HIST-00494,GUIDELINES_PRACTICE_PATTERNS,1,1,US-West,0.738,11,211,0,0,179,1,1
HIST-00495,COMPETITIVE_LANDSCAPE,1,1,US-East,0.51,5,162,0,1,195,0,1
HIST-00496,GUIDELINES_PRACTICE_PATTERNS,2,1,APAC,0.139,8,321,0,0,292,0,0
HIST-00497,GUIDELINES_PRACTICE_PATTERNS,2,0,US-West,0.321,7,330,-1,0,277,0,0
HIST-00498,UNMET_NEED,3,1,US-West,0.534,2,268,0,0,197,1,1
HIST-00499,DOSING_ADMINISTRATION,2,0,EMEA,0.262,7,150,0,0,49,1,0
HIST-00500,PATIENT_EXPERIENCE_ADHERENCE,2,0,EMEA,0.419,1,116,0,0,162,0,0
HIST-00501,CLINICAL_TRIAL_EXPERIENCE,3,1,EMEA,0.266,6,342,1,0,218,0,0
HIST-00502,PATIENT_EXPERIENCE_ADHERENCE,3,0,US-Central,0.321,2,149,-1,0,217,1,1
HIST-00503,CLINICAL_TRIAL_EXPERIENCE,2,0,EMEA,0.263,2,163,1,0,189,1,0
HIST-00504,PATIENT_EXPERIENCE_ADHERENCE,3,0,APAC,0.281,2,306,1,0,165,1,0
HIST-00505,GUIDELINES_PRACTICE_PATTERNS,1,1,APAC,0.358,1,70,0,0,323,1,0
HIST-00506,DATA_GAP_EVIDENCE_NEED,2,0,US-Central,0.288,0,106,0,0,310,0,0
HIST-00507,DATA_GAP_EVIDENCE_NEED,2,0,APAC,0.358,4,183,-1,0,167,0,0
HIST-00508,DATA_GAP_EVIDENCE_NEED,2,0,EMEA,0.344,2,121,1,0,212,1,0
HIST-00509,ACCESS_REIMBURSEMENT,2,0,APAC,0.667,3,207,1,0,247,0,0
HIST-00510,UNMET_NEED,3,0,EMEA,0.319,1,281,0,0,263,0,0
HIST-00511,GUIDELINES_PRACTICE_PATTERNS,2,0,US-East,0.264,6,255,0,0,168,1,0
HIST-00512,DOSING_ADMINISTRATION,2,0,EMEA,0.024,0,317,0,0,171,1,0
HIST-00513,PATIENT_SELECTION_POSITIONING,2,0,US-West,0.039,0,386,0,0,240,0,0
HIST-00514,PATIENT_EXPERIENCE_ADHERENCE,3,0,US-West,0.316,4,246,0,0,123,1,1
HIST-00515,COMPETITIVE_LANDSCAPE,2,0,US-West,0.349,4,68,0,0,209,0,0
HIST-00516,DATA_GAP_EVIDENCE_NEED,3,0,APAC,0.363,5,208,1,0,397,0,0
HIST-00517,COMPETITIVE_LANDSCAPE,2,0,US-East,0.443,11,364,-1,0,154,0,0
HIST-00518,DIAGNOSTIC_MONITORING,2,1,EMEA,0.383,1,243,-1,0,302,0,0
HIST-00519,PATIENT_EXPERIENCE_ADHERENCE,2,0,US-Central,0.337,11,195,0,0,228,1,1
HIST-00520,PATIENT_SELECTION_POSITIONING,2,1,APAC,0.376,3,353,0,0,240,0,0
HIST-00521,DATA_GAP_EVIDENCE_NEED,2,1,APAC,0.507,8,371,-1,0,259,1,1
HIST-00522,UNMET_NEED,3,0,US-West,0.3,10,368,0,0,233,1,1
HIST-00523,DOSING_ADMINISTRATION,2,0,EMEA,0.388,0,88,0,0,257,0,0
HIST-00524,PATIENT_EXPERIENCE_ADHERENCE,3,0,US-East,0.549,2,218,1,0,125,1,1
HIST-00525,EFFICACY_REAL_WORLD,1,1,US-West,0.373,7,357,0,0,181,1,0
HIST-00526,PATIENT_SELECTION_POSITIONING,2,0,EMEA,0.235,2,199,-1,0,235,0,0
HIST-00527,PATIENT_SELECTION_POSITIONING,3,0,US-Central,0.158,0,215,0,0,167,1,0
HIST-00528,DOSING_ADMINISTRATION,1,1,US-West,0.344,5,279,0,0,252,1,0
HIST-00529,DATA_GAP_EVIDENCE_NEED,3,0,EMEA,0.053,3,167,0,0,146,0,0
HIST-00530,UNMET_NEED,1,1,US-West,0.446,3,118,-1,0,156,0,0
HIST-00531,GUIDELINES_PRACTICE_PATTERNS,2,0,US-Central,0.401,1,375,0,0,151,0,0
HIST-00532,GUIDELINES_PRACTICE_PATTERNS,3,0,US-West,0.14,4,196,-1,0,88,1,0
HIST-00533,DATA_GAP_EVIDENCE_NEED,2,0,US-West,0.533,9,152,-1,0,161,0,1
HIST-00534,DOSING_ADMINISTRATION,3,0,US-East,0.413,2,313,-1,0,264,0,0
HIST-00535,CLINICAL_TRIAL_EXPERIENCE,2,0,US-West,0.134,2,261,0,0,222,0,0
HIST-00536,ACCESS_REIMBURSEMENT,1,1,US-East,0.213,0,77,-1,0,100,0,0
HIST-00537,GUIDELINES_PRACTICE_PATTERNS,2,1,APAC,0.591,0,314,0,0,62,1,0
HIST-00538,PATIENT_SELECTION_POSITIONING,1,0,US-Central,0.387,2,96,1,0,146,0,0
HIST-00539,ACCESS_REIMBURSEMENT,1,1,APAC,0.313,2,221,0,0,73,1,0
HIST-00540,EFFICACY_REAL_WORLD,1,1,US-Central,0.15,1,304,-1,0,156,0,0
HIST-00541,CLINICAL_TRIAL_EXPERIENCE,2,0,APAC,0.452,3,65,-1,0,242,0,0
HIST-00542,ACCESS_REIMBURSEMENT,3,0,US-West,0.196,8,56,0,0,218,1,0
HIST-00543,DOSING_ADMINISTRATION,2,0,APAC,0.503,3,142,1,0,336,1,1
HIST-00544,UNMET_NEED,1,0,US-East,0.498,1,397,-1,0,243,1,0
HIST-00545,CLINICAL_TRIAL_EXPERIENCE,2,0,US-West,0.209,4,144,0,0,222,1,0
HIST-00546,COMPETITIVE_LANDSCAPE,3,1,US-East,0.491,3,96,-1,0,174,1,1
HIST-00547,ACCESS_REIMBURSEMENT,1,1,US-East,0.027,2,237,0,0,154,1,1
HIST-00548,PATIENT_SELECTION_POSITIONING,3,0,EMEA,0.432,6,36,-1,0,80,1,0
HIST-00549,ACCESS_REIMBURSEMENT,2,0,APAC,0.423,3,166,-1,0,100,1,0
HIST-00550,EFFICACY_REAL_WORLD,1,0,US-Central,0.373,1,41,0,0,88,0,0
HIST-00551,PATIENT_SELECTION_POSITIONING,2,0,US-West,0.118,5,277,0,0,183,1,0
HIST-00552,UNMET_NEED,2,1,EMEA,0.373,0,378,0,0,138,0,0
HIST-00553,COMPETITIVE_LANDSCAPE,2,0,APAC,0.043,1,355,-1,0,223,1,0
HIST-00554,UNMET_NEED,2,1,APAC,0.196,11,172,-1,0,255,1,1
HIST-00555,ACCESS_REIMBURSEMENT,2,0,EMEA,0.218,1,355,-1,0,233,1,0
HIST-00556,GUIDELINES_PRACTICE_PATTERNS,2,0,EMEA,0.014,5,269,0,0,286,1,0
HIST-00557,GUIDELINES_PRACTICE_PATTERNS,2,1,APAC,0.278,2,144,-1,0,212,0,0
HIST-00558,PATIENT_EXPERIENCE_ADHERENCE,1,1,US-Central,0.128,10,218,-1,0,249,1,0
HIST-00559,ACCESS_REIMBURSEMENT,1,0,APAC,0.197,2,232,0,0,133,1,1
HIST-00560,EFFICACY_REAL_WORLD,3,0,US-Central,0.329,0,49,0,0,275,0,1
HIST-00561,PATIENT_SELECTION_POSITIONING,1,0,US-West,0.318,3,289,0,0,188,0,1
HIST-00562,DIAGNOSTIC_MONITORING,2,0,EMEA,0.406,4,294,0,0,128,0,0
HIST-00563,PATIENT_SELECTION_POSITIONING,2,0,US-West,0.42,2,139,1,0,179,0,0
HIST-00564,DIAGNOSTIC_MONITORING,3,1,EMEA,0.192,5,180,0,0,58,1,0
HIST-00565,EFFICACY_REAL_WORLD,3,0,EMEA,0.293,2,113,0,1,119,1,0
HIST-00566,DIAGNOSTIC_MONITORING,3,0,US-East,0.132,5,380,-1,0,185,1,0
HIST-00567,SAFETY_TOLERABILITY,1,0,US-West,0.133,9,253,-1,0,270,0,0
HIST-00568,GUIDELINES_PRACTICE_PATTERNS,2,0,APAC,0.11,6,91,0,0,201,0,0
HIST-00569,PATIENT_SELECTION_POSITIONING,1,1,APAC,0.25,5,206,0,0,112,1,1
HIST-00570,DATA_GAP_EVIDENCE_NEED,2,0,EMEA,0.112,5,343,0,0,59,0,0
HIST-00571,GUIDELINES_PRACTICE_PATTERNS,2,0,US-West,0.633,0,361,-1,0,226,0,0
HIST-00572,EFFICACY_REAL_WORLD,2,0,US-West,0.195,6,123,0,0,118,1,0
HIST-00573,PATIENT_EXPERIENCE_ADHERENCE,1,1,EMEA,0.149,3,195,0,0,122,1,0
HIST-00574,PATIENT_EXPERIENCE_ADHERENCE,1,1,EMEA,0.349,4,7,0,0,194,0,0
HIST-00575,CLINICAL_TRIAL_EXPERIENCE,2,1,US-Central,0.433,5,188,0,0,258,1,0
HIST-00576,DIAGNOSTIC_MONITORING,2,0,US-East,0.301,4,41,-1,0,294,1,0
HIST-00577,DATA_GAP_EVIDENCE_NEED,3,0,US-Central,0.303,2,23,-1,0,205,0,0
HIST-00578,ACCESS_REIMBURSEMENT,1,1,EMEA,0.129,6,394,-1,0,252,0,0
HIST-00579,EFFICACY_REAL_WORLD,3,0,US-Central,0.346,4,310,-1,0,132,0,0
HIST-00580,PATIENT_EXPERIENCE_ADHERENCE,2,0,APAC,0.126,3,21,0,0,147,0,0
HIST-00581,COMPETITIVE_LANDSCAPE,3,0,US-Central,0.124,7,109,1,0,285,1,0
HIST-00582,SAFETY_TOLERABILITY,2,0,US-Central,0.474,0,154,1,0,174,1,0
HIST-00583,EFFICACY_REAL_WORLD,2,1,APAC,0.355,2,255,-1,0,213,0,0
HIST-00584,ACCESS_REIMBURSEMENT,3,1,EMEA,0.3,7,324,1,0,208,1,0
HIST-00585,UNMET_NEED,1,1,US-East,0.1,0,191,1,0,352,0,0
HIST-00586,UNMET_NEED,2,1,US-East,0.266,7,57,1,0,197,1,0
HIST-00587,SAFETY_TOLERABILITY,2,0,APAC,0.256,0,64,-1,0,218,1,0
HIST-00588,COMPETITIVE_LANDSCAPE,3,1,APAC,0.135,0,266,1,0,349,0,0
HIST-00589,DIAGNOSTIC_MONITORING,1,0,US-East,0.317,11,24,-1,0,96,0,0
HIST-00590,PATIENT_SELECTION_POSITIONING,2,0,APAC,0.252,8,343,0,0,208,0,0
HIST-00591,PATIENT_SELECTION_POSITIONING,3,1,US-West,0.205,6,75,-1,0,151,0,0
HIST-00592,DOSING_ADMINISTRATION,2,0,EMEA,0.112,1,369,1,0,316,0,0
HIST-00593,DOSING_ADMINISTRATION,3,1,APAC,0.475,6,20,-1,0,91,1,0
HIST-00594,CLINICAL_TRIAL_EXPERIENCE,3,0,US-East,0.412,3,290,0,0,330,0,0
HIST-00595,EFFICACY_REAL_WORLD,2,1,EMEA,0.401,3,119,0,0,260,0,0
HIST-00596,EFFICACY_REAL_WORLD,2,0,EMEA,0.074,6,254,0,0,348,0,0
HIST-00597,DATA_GAP_EVIDENCE_NEED,2,0,APAC,0.245,5,150,1,0,267,0,0
HIST-00598,EFFICACY_REAL_WORLD,1,1,US-West,0.053,3,236,-1,0,194,0,0
HIST-00599,DATA_GAP_EVIDENCE_NEED,3,0,EMEA,0.362,0,96,-1,0,151,0,0
HIST-00600,COMPETITIVE_LANDSCAPE,2,1,EMEA,0.424,2,258,1,1,103,0,0
HIST-00601,GUIDELINES_PRACTICE_PATTERNS,3,0,EMEA,0.392,8,274,0,0,233,0,0
HIST-00602,SAFETY_TOLERABILITY,2,0,US-Central,0.127,4,234,0,0,86,1,0
HIST-00603,DOSING_ADMINISTRATION,2,0,APAC,0.459,6,394,0,0,213,0,0
HIST-00604,PATIENT_EXPERIENCE_ADHERENCE,2,0,US-Central,0.375,2,311,1,0,321,1,0
HIST-00605,GUIDELINES_PRACTICE_PATTERNS,3,1,EMEA,0.31,2,274,-1,0,223,0,0
HIST-00606,DATA_GAP_EVIDENCE_NEED,1,0,EMEA,0.504,5,297,0,1,348,0,0
HIST-00607,ACCESS_REIMBURSEMENT,2,0,US-West,0.112,2,251,-1,0,119,0,0
HIST-00608,EFFICACY_REAL_WORLD,3,0,EMEA,0.184,0,238,0,0,229,0,0
HIST-00609,DOSING_ADMINISTRATION,3,0,EMEA,0.625,1,155,1,0,167,1,0
HIST-00610,EFFICACY_REAL_WORLD,3,0,US-West,0.201,0,37,-1,0,174,1,1
HIST-00611,ACCESS_REIMBURSEMENT,1,0,US-East,0.122,6,355,-1,0,181,0,0
HIST-00612,DOSING_ADMINISTRATION,2,0,US-West,0.212,3,59,-1,1,108,0,0
HIST-00613,SAFETY_TOLERABILITY,1,0,US-West,0.076,7,95,-1,0,151,0,0
HIST-00614,PATIENT_EXPERIENCE_ADHERENCE,3,1,APAC,0.105,1,228,0,0,220,0,0
HIST-00615,ACCESS_REIMBURSEMENT,3,0,US-Central,0.385,0,167,1,0,245,0,0
HIST-00616,UNMET_NEED,2,0,US-West,0.198,3,127,0,0,216,0,0
HIST-00617,CLINICAL_TRIAL_EXPERIENCE,1,1,US-East,0.109,0,307,-1,0,200,0,0
HIST-00618,SAFETY_TOLERABILITY,3,0,US-West,0.08,7,93,-1,0,267,1,0
HIST-00619,CLINICAL_TRIAL_EXPERIENCE,3,0,EMEA,0.15,5,338,0,1,50,0,0
HIST-00620,UNMET_NEED,2,0,US-Central,0.376,0,205,-1,0,264,1,0
HIST-00621,DATA_GAP_EVIDENCE_NEED,2,0,US-Central,0.224,2,89,0,0,146,0,0
HIST-00622,COMPETITIVE_LANDSCAPE,1,1,EMEA,0.608,7,255,-1,1,190,0,1
HIST-00623,EFFICACY_REAL_WORLD,3,0,EMEA,0.307,4,241,0,0,121,0,0
HIST-00624,DOSING_ADMINISTRATION,3,0,APAC,0.121,0,163,0,0,227,0,0
HIST-00625,DATA_GAP_EVIDENCE_NEED,1,0,APAC,0.1,3,220,1,0,277,0,0
HIST-00626,DOSING_ADMINISTRATION,3,1,EMEA,0.317,0,248,-1,0,169,1,0
HIST-00627,CLINICAL_TRIAL_EXPERIENCE,1,1,US-Central,0.338,1,44,0,0,229,0,0
HIST-00628,PATIENT_EXPERIENCE_ADHERENCE,1,1,US-West,0.167,0,182,-1,0,36,0,0
HIST-00629,DOSING_ADMINISTRATION,3,0,EMEA,0.101,2,264,-1,0,230,0,1
HIST-00630,DATA_GAP_EVIDENCE_NEED,2,0,US-East,0.096,0,35,0,0,165,1,0
HIST-00631,DATA_GAP_EVIDENCE_NEED,3,0,EMEA,0.164,2,120,-1,1,128,0,0
HIST-00632,PATIENT_SELECTION_POSITIONING,1,0,US-West,0.214,4,60,1,0,86,0,0
HIST-00633,DIAGNOSTIC_MONITORING,3,1,US-West,0.111,3,93,0,0,148,0,0
HIST-00634,PATIENT_SELECTION_POSITIONING,2,0,US-West,0.259,3,297,-1,1,40,0,1
HIST-00635,UNMET_NEED,2,0,APAC,0.509,2,130,1,0,184,0,0
HIST-00636,DIAGNOSTIC_MONITORING,2,0,APAC,0.433,2,140,-1,0,231,0,0
HIST-00637,SAFETY_TOLERABILITY,2,0,US-West,0.239,0,48,0,0,155,0,0
HIST-00638,CLINICAL_TRIAL_EXPERIENCE,1,1,US-West,0.261,0,243,-1,0,215,0,0
HIST-00639,ACCESS_REIMBURSEMENT,1,0,US-Central,0.261,2,83,1,0,200,0,0
HIST-00640,COMPETITIVE_LANDSCAPE,3,1,EMEA,0.06,2,147,-1,0,239,0,0
HIST-00641,DATA_GAP_EVIDENCE_NEED,2,0,US-East,0.336,5,2,-1,0,178,1,1
HIST-00642,DIAGNOSTIC_MONITORING,2,0,EMEA,0.446,8,59,-1,0,191,0,0
HIST-00643,DOSING_ADMINISTRATION,2,0,US-East,0.225,0,92,0,1,223,1,1
HIST-00644,UNMET_NEED,2,0,US-West,0.366,1,149,0,0,93,0,0
HIST-00645,PATIENT_SELECTION_POSITIONING,2,0,US-West,0.271,3,54,-1,0,162,1,0
HIST-00646,EFFICACY_REAL_WORLD,3,0,US-East,0.289,8,329,0,1,124,1,1
HIST-00647,PATIENT_EXPERIENCE_ADHERENCE,1,0,US-East,0.153,5,54,0,0,198,0,0
HIST-00648,GUIDELINES_PRACTICE_PATTERNS,1,1,US-West,0.343,3,331,0,0,194,1,1
HIST-00649,CLINICAL_TRIAL_EXPERIENCE,1,1,US-East,0.344,2,190,1,0,245,1,0
HIST-00650,ACCESS_REIMBURSEMENT,3,0,US-West,0.178,0,236,-1,0,243,0,0
HIST-00651,GUIDELINES_PRACTICE_PATTERNS,3,0,EMEA,0.606,1,96,0,0,93,1,0
HIST-00652,PATIENT_SELECTION_POSITIONING,3,0,APAC,0.325,1,61,0,0,221,0,0
HIST-00653,DATA_GAP_EVIDENCE_NEED,2,0,US-East,0.028,6,229,0,0,292,0,0
HIST-00654,GUIDELINES_PRACTICE_PATTERNS,2,1,US-West,0.256,2,155,0,0,112,1,0
HIST-00655,DIAGNOSTIC_MONITORING,3,1,EMEA,0.183,3,273,-1,0,165,0,0
HIST-00656,PATIENT_SELECTION_POSITIONING,2,0,US-West,0.276,4,367,0,0,114,1,0
HIST-00657,DOSING_ADMINISTRATION,1,0,US-Central,0.004,1,220,0,0,184,1,1
HIST-00658,SAFETY_TOLERABILITY,3,0,US-West,0.639,0,81,0,0,218,1,1
HIST-00659,PATIENT_EXPERIENCE_ADHERENCE,3,1,US-East,0.098,4,3,0,0,194,1,0
HIST-00660,EFFICACY_REAL_WORLD,2,0,US-East,0.057,3,70,-1,0,176,0,0
HIST-00661,ACCESS_REIMBURSEMENT,1,1,US-West,0.654,2,37,0,0,200,0,1
HIST-00662,UNMET_NEED,3,0,US-Central,0.164,1,76,0,0,90,0,0
HIST-00663,EFFICACY_REAL_WORLD,1,1,APAC,0.262,5,62,-1,0,186,0,0
HIST-00664,UNMET_NEED,2,1,APAC,0.177,3,377,0,0,195,1,0
HIST-00665,COMPETITIVE_LANDSCAPE,1,1,EMEA,0.389,10,154,-1,0,32,0,0
HIST-00666,PATIENT_EXPERIENCE_ADHERENCE,1,1,US-West,0.221,0,286,1,0,182,1,0
HIST-00667,CLINICAL_TRIAL_EXPERIENCE,2,0,US-East,0.692,3,186,1,0,150,1,0
HIST-00668,CLINICAL_TRIAL_EXPERIENCE,2,0,APAC,0.374,0,163,0,0,121,0,0
HIST-00669,COMPETITIVE_LANDSCAPE,2,1,EMEA,0.191,4,57,1,0,179,1,1
HIST-00670,SAFETY_TOLERABILITY,1,1,EMEA,0.325,0,73,0,0,161,0,0
HIST-00671,CLINICAL_TRIAL_EXPERIENCE,2,0,APAC,0.218,7,190,1,0,189,0,0
HIST-00672,ACCESS_REIMBURSEMENT,3,0,US-East,0.392,2,273,0,0,155,1,0
HIST-00673,UNMET_NEED,2,0,US-East,0.015,1,375,-1,0,241,1,0
HIST-00674,GUIDELINES_PRACTICE_PATTERNS,1,1,US-East,0.125,2,312,-1,0,155,0,0
HIST-00675,PATIENT_SELECTION_POSITIONING,2,1,US-Central,0.437,8,191,1,0,164,0,0
HIST-00676,DIAGNOSTIC_MONITORING,1,0,US-Central,0.407,6,24,-1,0,237,1,1
HIST-00677,PATIENT_SELECTION_POSITIONING,1,1,EMEA,0.236,1,106,1,0,214,1,0
HIST-00678,DOSING_ADMINISTRATION,2,1,APAC,0.398,1,222,1,0,114,1,0
HIST-00679,DATA_GAP_EVIDENCE_NEED,1,1,US-Central,0.504,6,163,0,0,280,0,0
HIST-00680,GUIDELINES_PRACTICE_PATTERNS,2,0,EMEA,0.259,2,134,-1,0,225,1,0
HIST-00681,PATIENT_EXPERIENCE_ADHERENCE,1,1,US-East,0.194,0,48,0,0,186,1,0
HIST-00682,DOSING_ADMINISTRATION,3,0,US-West,0.122,2,116,0,0,239,1,0
HIST-00683,DATA_GAP_EVIDENCE_NEED,2,0,EMEA,0.407,5,286,-1,0,56,0,1
HIST-00684,UNMET_NEED,3,0,EMEA,0.254,3,86,-1,0,94,0,0
HIST-00685,GUIDELINES_PRACTICE_PATTERNS,2,0,US-East,0.275,7,232,1,0,368,0,0
HIST-00686,ACCESS_REIMBURSEMENT,3,0,EMEA,0.039,2,300,0,0,273,0,0
HIST-00687,PATIENT_SELECTION_POSITIONING,3,0,US-East,0.212,10,383,1,0,221,0,0
HIST-00688,UNMET_NEED,1,0,US-West,0.248,0,142,0,0,117,1,0
HIST-00689,ACCESS_REIMBURSEMENT,3,0,US-East,0.254,1,250,0,0,103,1,0
HIST-00690,EFFICACY_REAL_WORLD,3,0,US-East,0.236,0,390,0,0,258,1,0
HIST-00691,EFFICACY_REAL_WORLD,3,0,US-Central,0.162,3,80,1,0,202,0,0
HIST-00692,DOSING_ADMINISTRATION,2,0,APAC,0.239,0,13,0,1,286,1,0
HIST-00693,DIAGNOSTIC_MONITORING,2,0,APAC,0.537,1,237,1,0,163,1,1
HIST-00694,COMPETITIVE_LANDSCAPE,2,0,APAC,0.243,0,375,1,0,156,1,0
HIST-00695,PATIENT_SELECTION_POSITIONING,1,0,EMEA,0.439,9,11,-1,0,120,1,1
HIST-00696,PATIENT_SELECTION_POSITIONING,3,0,US-East,0.177,0,328,-1,0,209,0,0
HIST-00697,UNMET_NEED,3,1,APAC,0.485,3,74,0,0,206,1,1
HIST-00698,PATIENT_EXPERIENCE_ADHERENCE,3,0,US-Central,0.388,7,193,0,0,139,0,0
HIST-00699,GUIDELINES_PRACTICE_PATTERNS,2,0,US-Central,0.267,2,274,-1,1,145,0,0
HIST-00700,COMPETITIVE_LANDSCAPE,2,1,US-West,0.249,3,257,0,0,158,0,0
HIST-00701,DIAGNOSTIC_MONITORING,3,0,US-East,0.103,2,226,1,0,212,0,0
HIST-00702,CLINICAL_TRIAL_EXPERIENCE,1,0,US-West,0.477,5,118,0,0,202,0,0
HIST-00703,GUIDELINES_PRACTICE_PATTERNS,1,0,US-East,0.564,0,305,0,0,208,1,0
HIST-00704,EFFICACY_REAL_WORLD,2,0,APAC,0.29,1,69,0,0,121,1,0
HIST-00705,EFFICACY_REAL_WORLD,3,0,US-West,0.365,5,84,0,0,175,0,0
HIST-00706,ACCESS_REIMBURSEMENT,3,1,US-Central,0.437,6,202,0,0,165,1,1
HIST-00707,DATA_GAP_EVIDENCE_NEED,2,0,EMEA,0.072,2,351,0,0,233,0,0
HIST-00708,DATA_GAP_EVIDENCE_NEED,3,0,US-West,0.21,5,372,0,0,147,0,0
HIST-00709,EFFICACY_REAL_WORLD,1,1,APAC,0.152,6,271,0,0,221,0,0
HIST-00710,GUIDELINES_PRACTICE_PATTERNS,3,0,US-Central,0.343,3,390,1,0,154,0,0
HIST-00711,ACCESS_REIMBURSEMENT,3,0,US-West,0.337,1,79,0,0,196,0,0
HIST-00712,UNMET_NEED,2,0,US-Central,0.263,0,173,0,0,180,1,0
HIST-00713,PATIENT_EXPERIENCE_ADHERENCE,3,0,US-East,0.262,4,378,0,0,237,0,0
HIST-00714,DOSING_ADMINISTRATION,2,1,EMEA,0.351,2,297,1,0,178,0,0
HIST-00715,GUIDELINES_PRACTICE_PATTERNS,1,0,US-West,0.322,1,93,-1,0,280,0,0
HIST-00716,COMPETITIVE_LANDSCAPE,2,1,US-Central,0.076,1,283,-1,0,274,0,0
HIST-00717,ACCESS_REIMBURSEMENT,3,0,US-East,0.208,7,194,0,0,163,0,0
HIST-00718,DIAGNOSTIC_MONITORING,3,0,EMEA,0.141,0,188,0,0,218,0,0
HIST-00719,COMPETITIVE_LANDSCAPE,1,0,US-Central,0.078,0,216,1,0,281,0,0
HIST-00720,SAFETY_TOLERABILITY,2,0,US-East,0.337,1,300,-1,0,203,1,0
HIST-00721,COMPETITIVE_LANDSCAPE,1,1,US-West,0.588,2,74,0,0,267,1,1
HIST-00722,COMPETITIVE_LANDSCAPE,3,0,US-East,0.147,2,203,0,0,199,0,0
HIST-00723,COMPETITIVE_LANDSCAPE,2,0,APAC,0.153,0,318,-1,0,91,1,0
HIST-00724,PATIENT_EXPERIENCE_ADHERENCE,2,0,EMEA,0.156,11,74,1,0,201,1,0
HIST-00725,SAFETY_TOLERABILITY,1,0,EMEA,0.532,2,365,0,0,148,0,0
HIST-00726,SAFETY_TOLERABILITY,3,0,US-East,0.204,2,89,0,0,195,1,0
HIST-00727,DATA_GAP_EVIDENCE_NEED,1,0,US-East,0.211,1,245,-1,0,215,0,0
HIST-00728,DOSING_ADMINISTRATION,2,0,EMEA,0.341,1,229,-1,0,185,0,0
HIST-00729,EFFICACY_REAL_WORLD,3,0,US-West,0.223,4,289,0,0,133,0,0
HIST-00730,PATIENT_SELECTION_POSITIONING,2,0,APAC,0.028,1,397,0,1,222,0,0
HIST-00731,DIAGNOSTIC_MONITORING,3,0,US-East,0.104,0,140,1,0,282,1,0
HIST-00732,DATA_GAP_EVIDENCE_NEED,2,0,APAC,0.149,0,155,1,1,51,0,0
HIST-00733,PATIENT_SELECTION_POSITIONING,3,0,US-West,0.611,4,364,-1,0,256,0,0
HIST-00734,DATA_GAP_EVIDENCE_NEED,2,0,APAC,0.123,7,30,-1,0,202,1,0
HIST-00735,PATIENT_EXPERIENCE_ADHERENCE,1,0,US-East,0.36,9,278,-1,0,247,1,0
HIST-00736,EFFICACY_REAL_WORLD,2,0,APAC,0.304,3,25,-1,0,135,0,0
HIST-00737,CLINICAL_TRIAL_EXPERIENCE,3,0,US-Central,0.194,5,258,0,0,154,1,0
HIST-00738,EFFICACY_REAL_WORLD,2,1,US-East,0.205,4,233,0,0,119,0,0
HIST-00739,PATIENT_EXPERIENCE_ADHERENCE,3,0,US-West,0.391,5,336,0,0,328,0,0
HIST-00740,PATIENT_SELECTION_POSITIONING,2,0,APAC,0.605,6,61,-1,0,259,1,1
HIST-00741,COMPETITIVE_LANDSCAPE,2,0,US-East,0.544,1,87,0,0,70,0,0
HIST-00742,PATIENT_SELECTION_POSITIONING,1,0,EMEA,0.231,4,250,1,0,153,1,0
HIST-00743,PATIENT_SELECTION_POSITIONING,2,0,EMEA,0.197,3,3,0,0,218,1,0
HIST-00744,DIAGNOSTIC_MONITORING,3,0,EMEA,0.296,6,173,-1,0,149,0,0
HIST-00745,GUIDELINES_PRACTICE_PATTERNS,2,0,US-Central,0.367,1,298,-1,0,179,0,0
HIST-00746,DOSING_ADMINISTRATION,3,0,EMEA,0.209,4,75,0,0,294,0,0
HIST-00747,SAFETY_TOLERABILITY,1,1,APAC,0.434,5,334,0,0,320,0,1
HIST-00748,DATA_GAP_EVIDENCE_NEED,3,0,US-West,0.352,3,35,0,0,252,0,0
HIST-00749,EFFICACY_REAL_WORLD,1,1,US-West,0.478,4,70,0,0,265,0,0
HIST-00750,SAFETY_TOLERABILITY,3,0,US-Central,0.657,2,147,-1,0,165,1,0
HIST-00751,GUIDELINES_PRACTICE_PATTERNS,2,0,US-Central,0.523,1,244,0,0,270,0,1
HIST-00752,DIAGNOSTIC_MONITORING,3,0,US-East,0.31,1,161,1,0,114,0,0
HIST-00753,SAFETY_TOLERABILITY,2,1,APAC,0.182,1,392,0,0,192,1,0
HIST-00754,SAFETY_TOLERABILITY,3,1,US-Central,0.347,3,193,0,0,200,1,0
HIST-00755,ACCESS_REIMBURSEMENT,2,0,US-West,0.444,2,181,-1,0,165,1,0
HIST-00756,ACCESS_REIMBURSEMENT,3,1,APAC,0.392,4,187,0,0,249,1,0
HIST-00757,DIAGNOSTIC_MONITORING,2,0,US-West,0.137,6,147,0,0,186,1,0
HIST-00758,PATIENT_EXPERIENCE_ADHERENCE,3,0,EMEA,0.434,3,209,1,0,246,1,0
HIST-00759,GUIDELINES_PRACTICE_PATTERNS,2,0,US-Central,0.507,1,99,-1,0,264,1,0
HIST-00760,DATA_GAP_EVIDENCE_NEED,1,0,US-Central,0.112,5,123,0,0,208,0,0
HIST-00761,PATIENT_EXPERIENCE_ADHERENCE,2,0,US-West,0.123,3,359,0,0,185,0,0
HIST-00762,DIAGNOSTIC_MONITORING,3,0,US-Central,0.297,1,287,-1,0,204,0,0
HIST-00763,CLINICAL_TRIAL_EXPERIENCE,3,0,US-East,0.057,4,145,0,0,132,1,0
HIST-00764,COMPETITIVE_LANDSCAPE,2,1,US-East,0.46,9,32,-1,0,212,0,0
HIST-00765,EFFICACY_REAL_WORLD,1,1,EMEA,0.428,6,71,-1,0,167,1,0
HIST-00766,SAFETY_TOLERABILITY,2,0,US-Central,0.454,2,26,0,0,227,0,0
HIST-00767,DIAGNOSTIC_MONITORING,3,0,EMEA,0.364,4,193,0,1,276,0,0
HIST-00768,ACCESS_REIMBURSEMENT,2,0,EMEA,0.486,3,307,0,0,116,1,1
HIST-00769,DIAGNOSTIC_MONITORING,2,0,US-West,0.372,1,78,0,0,167,0,0
HIST-00770,PATIENT_EXPERIENCE_ADHERENCE,3,1,EMEA,0.14,7,22,0,0,346,0,0
HIST-00771,EFFICACY_REAL_WORLD,1,1,US-Central,0.727,0,158,1,0,144,0,0
HIST-00772,UNMET_NEED,1,1,US-Central,0.327,6,174,1,0,122,0,0
HIST-00773,SAFETY_TOLERABILITY,2,0,US-Central,0.447,4,312,0,0,186,0,0
HIST-00774,SAFETY_TOLERABILITY,1,0,APAC,0.136,1,216,-1,0,285,1,0
HIST-00775,GUIDELINES_PRACTICE_PATTERNS,1,1,US-West,0.282,1,114,0,0,151,0,0
HIST-00776,PATIENT_EXPERIENCE_ADHERENCE,2,0,APAC,0.094,4,87,-1,0,247,0,0
HIST-00777,DOSING_ADMINISTRATION,2,0,US-Central,0.26,7,27,0,0,218,1,0
HIST-00778,UNMET_NEED,1,1,APAC,0.384,9,4,0,0,156,1,0
HIST-00779,UNMET_NEED,1,0,APAC,0.441,0,258,-1,0,175,0,0
HIST-00780,ACCESS_REIMBURSEMENT,2,0,US-Central,0.183,6,74,0,0,231,1,0
HIST-00781,DIAGNOSTIC_MONITORING,3,0,APAC,0.127,0,314,0,0,278,1,0
HIST-00782,SAFETY_TOLERABILITY,2,0,US-Central,0.324,3,176,-1,0,201,0,0
HIST-00783,DOSING_ADMINISTRATION,2,0,US-West,0.104,3,306,0,0,247,1,1
HIST-00784,COMPETITIVE_LANDSCAPE,1,0,APAC,0.575,8,362,0,0,330,0,1
HIST-00785,CLINICAL_TRIAL_EXPERIENCE,3,1,US-Central,0.071,6,275,0,0,204,0,0
HIST-00786,PATIENT_SELECTION_POSITIONING,2,0,EMEA,0.237,1,351,0,0,175,0,0
HIST-00787,COMPETITIVE_LANDSCAPE,1,1,US-West,0.379,2,134,-1,0,133,1,1
HIST-00788,ACCESS_REIMBURSEMENT,3,0,US-East,0.455,6,123,0,1,151,1,0
HIST-00789,DIAGNOSTIC_MONITORING,1,0,APAC,0.179,3,41,-1,0,146,1,0
HIST-00790,SAFETY_TOLERABILITY,1,1,US-Central,0.031,4,389,-1,0,88,0,1
HIST-00791,GUIDELINES_PRACTICE_PATTERNS,2,0,EMEA,0.102,1,317,0,0,173,1,0
HIST-00792,PATIENT_EXPERIENCE_ADHERENCE,2,0,APAC,0.191,9,127,1,0,198,1,0
HIST-00793,UNMET_NEED,2,1,US-East,0.298,2,103,0,0,220,1,0
HIST-00794,SAFETY_TOLERABILITY,2,1,EMEA,0.55,4,290,0,0,58,0,0
HIST-00795,CLINICAL_TRIAL_EXPERIENCE,3,1,APAC,0.17,1,237,0,0,140,1,0
HIST-00796,PATIENT_EXPERIENCE_ADHERENCE,2,0,US-Central,0.173,4,115,1,0,50,1,0
HIST-00797,COMPETITIVE_LANDSCAPE,2,0,US-West,0.569,2,208,0,0,103,0,1
HIST-00798,PATIENT_EXPERIENCE_ADHERENCE,2,1,US-West,0.382,5,393,-1,0,166,1,1
HIST-00799,CLINICAL_TRIAL_EXPERIENCE,2,0,US-West,0.231,4,319,0,0,172,1,0
HIST-00800,DOSING_ADMINISTRATION,2,0,EMEA,0.049,6,270,0,0,289,0,0
HIST-00801,DIAGNOSTIC_MONITORING,2,0,US-West,0.258,4,206,0,0,108,0,0
HIST-00802,UNMET_NEED,2,0,US-East,0.188,6,365,1,0,272,1,0
HIST-00803,DATA_GAP_EVIDENCE_NEED,3,1,APAC,0.578,1,51,0,0,60,1,0
HIST-00804,DOSING_ADMINISTRATION,2,0,EMEA,0.361,1,290,0,0,292,0,0
HIST-00805,EFFICACY_REAL_WORLD,2,0,US-Central,0.422,5,233,0,0,167,1,0
HIST-00806,PATIENT_SELECTION_POSITIONING,2,0,EMEA,0.22,0,212,1,0,118,1,0
HIST-00807,EFFICACY_REAL_WORLD,2,0,US-Central,0.111,10,160,0,0,265,1,1
HIST-00808,SAFETY_TOLERABILITY,3,0,EMEA,0.113,1,340,0,0,218,0,0
HIST-00809,DOSING_ADMINISTRATION,3,0,EMEA,0.127,1,201,0,0,277,1,0
HIST-00810,EFFICACY_REAL_WORLD,2,0,US-Central,0.271,3,381,0,0,137,1,0
HIST-00811,SAFETY_TOLERABILITY,2,0,EMEA,0.182,0,56,0,0,275,0,0
HIST-00812,UNMET_NEED,3,0,APAC,0.178,9,144,0,0,187,0,0
HIST-00813,PATIENT_SELECTION_POSITIONING,1,0,EMEA,0.36,11,103,-1,1,267,1,1
HIST-00814,GUIDELINES_PRACTICE_PATTERNS,3,0,APAC,0.452,6,297,-1,0,190,0,0
HIST-00815,GUIDELINES_PRACTICE_PATTERNS,3,0,EMEA,0.3,1,223,0,0,219,1,0
HIST-00816,GUIDELINES_PRACTICE_PATTERNS,2,0,APAC,0.314,4,166,0,0,273,1,1
HIST-00817,DIAGNOSTIC_MONITORING,3,0,US-West,0.356,4,64,1,0,297,1,1
HIST-00818,CLINICAL_TRIAL_EXPERIENCE,2,0,APAC,0.049,0,304,1,0,270,0,0
HIST-00819,EFFICACY_REAL_WORLD,3,0,APAC,0.597,2,271,1,0,174,1,0
HIST-00820,DIAGNOSTIC_MONITORING,2,0,US-Central,0.535,9,43,0,0,68,0,0
HIST-00821,DIAGNOSTIC_MONITORING,3,0,US-East,0.184,0,183,0,0,201,0,0
HIST-00822,PATIENT_SELECTION_POSITIONING,2,0,APAC,0.292,3,274,-1,0,317,1,0
HIST-00823,DOSING_ADMINISTRATION,2,0,US-Central,0.337,3,143,-1,0,277,0,0
HIST-00824,ACCESS_REIMBURSEMENT,1,0,US-East,0.326,7,64,-1,0,250,1,1
HIST-00825,COMPETITIVE_LANDSCAPE,3,0,APAC,0.296,4,111,1,0,276,0,0
HIST-00826,ACCESS_REIMBURSEMENT,2,0,US-East,0.167,9,249,0,0,266,1,0
HIST-00827,EFFICACY_REAL_WORLD,1,0,APAC,0.67,3,373,0,0,257,0,0
HIST-00828,EFFICACY_REAL_WORLD,2,0,APAC,0.059,2,26,0,0,194,0,0
HIST-00829,SAFETY_TOLERABILITY,2,0,EMEA,0.227,4,290,1,0,189,1,0
HIST-00830,DATA_GAP_EVIDENCE_NEED,1,1,US-West,0.225,2,131,0,0,266,0,0
HIST-00831,GUIDELINES_PRACTICE_PATTERNS,1,1,APAC,0.147,1,198,0,0,338,0,0
HIST-00832,UNMET_NEED,2,0,US-Central,0.364,4,255,0,0,210,0,0
HIST-00833,UNMET_NEED,1,1,APAC,0.191,2,47,0,0,140,1,0
HIST-00834,PATIENT_SELECTION_POSITIONING,2,0,US-West,0.493,2,289,0,0,213,0,0
HIST-00835,DATA_GAP_EVIDENCE_NEED,2,0,US-Central,0.147,9,97,0,0,139,1,1
HIST-00836,DOSING_ADMINISTRATION,2,0,US-West,0.396,5,57,-1,0,222,1,0
HIST-00837,GUIDELINES_PRACTICE_PATTERNS,2,0,US-West,0.663,1,161,-1,0,221,1,1
HIST-00838,DATA_GAP_EVIDENCE_NEED,2,0,APAC,0.307,4,345,0,0,94,1,0
HIST-00839,DATA_GAP_EVIDENCE_NEED,3,0,US-Central,0.478,1,79,-1,0,200,0,1
HIST-00840,CLINICAL_TRIAL_EXPERIENCE,2,0,US-West,0.334,3,20,0,0,152,0,0
HIST-00841,DOSING_ADMINISTRATION,2,0,US-West,0.404,1,390,0,0,187,0,0
HIST-00842,PATIENT_SELECTION_POSITIONING,2,0,US-Central,0.278,2,211,0,0,227,0,0
HIST-00843,PATIENT_EXPERIENCE_ADHERENCE,1,1,US-West,0.224,5,339,-1,0,175,1,0
HIST-00844,EFFICACY_REAL_WORLD,1,1,APAC,0.37,1,80,-1,0,168,0,1
HIST-00845,EFFICACY_REAL_WORLD,1,1,US-West,0.09,6,168,1,0,227,0,0
HIST-00846,GUIDELINES_PRACTICE_PATTERNS,3,0,US-West,0.105,4,171,1,0,225,0,0
HIST-00847,CLINICAL_TRIAL_EXPERIENCE,2,0,US-Central,0.309,3,129,1,0,234,1,0
HIST-00848,SAFETY_TOLERABILITY,3,0,US-East,0.42,8,288,0,0,193,0,0
HIST-00849,SAFETY_TOLERABILITY,2,0,US-Central,0.46,1,141,0,1,135,0,0
HIST-00850,SAFETY_TOLERABILITY,2,0,APAC,0.508,0,352,1,0,147,0,0
HIST-00851,PATIENT_SELECTION_POSITIONING,2,0,US-East,0.165,6,78,-1,0,290,1,1
HIST-00852,EFFICACY_REAL_WORLD,1,1,US-West,0.221,6,237,0,0,238,1,0
HIST-00853,SAFETY_TOLERABILITY,2,0,US-Central,0.535,7,120,-1,0,199,0,0
HIST-00854,COMPETITIVE_LANDSCAPE,2,0,APAC,0.084,0,335,0,0,120,0,0
HIST-00855,CLINICAL_TRIAL_EXPERIENCE,3,0,US-West,0.409,3,389,1,0,222,1,0
HIST-00856,DIAGNOSTIC_MONITORING,3,0,US-East,0.128,3,171,0,0,75,0,0
HIST-00857,CLINICAL_TRIAL_EXPERIENCE,2,1,US-West,0.19,0,13,0,0,196,0,0
HIST-00858,GUIDELINES_PRACTICE_PATTERNS,2,0,US-West,0.426,7,32,-1,0,176,0,1
HIST-00859,ACCESS_REIMBURSEMENT,2,0,EMEA,0.321,0,115,0,0,103,0,0
HIST-00860,PATIENT_SELECTION_POSITIONING,2,0,US-West,0.303,3,17,0,0,226,1,1
HIST-00861,ACCESS_REIMBURSEMENT,3,0,US-East,0.549,4,387,-1,0,157,1,0
HIST-00862,SAFETY_TOLERABILITY,1,1,EMEA,0.224,6,107,-1,0,221,0,0
HIST-00863,COMPETITIVE_LANDSCAPE,3,0,US-West,0.296,0,90,0,0,199,1,0
HIST-00864,PATIENT_SELECTION_POSITIONING,1,0,US-Central,0.344,2,158,0,0,326,0,0
HIST-00865,SAFETY_TOLERABILITY,2,1,EMEA,0.361,7,68,1,0,198,0,0
HIST-00866,GUIDELINES_PRACTICE_PATTERNS,1,1,APAC,0.185,8,387,0,0,104,1,0
HIST-00867,DIAGNOSTIC_MONITORING,1,0,US-Central,0.551,4,234,0,0,308,1,1
HIST-00868,EFFICACY_REAL_WORLD,2,0,US-West,0.244,2,160,0,0,134,1,0
HIST-00869,GUIDELINES_PRACTICE_PATTERNS,1,1,APAC,0.12,2,379,-1,0,278,0,0
HIST-00870,DOSING_ADMINISTRATION,2,0,US-West,0.46,1,121,0,0,77,0,0
HIST-00871,PATIENT_EXPERIENCE_ADHERENCE,2,1,US-West,0.07,6,53,-1,0,236,0,0
HIST-00872,DIAGNOSTIC_MONITORING,2,0,US-East,0.289,2,131,-1,0,264,1,0
HIST-00873,ACCESS_REIMBURSEMENT,1,0,US-Central,0.153,0,70,0,0,80,1,0
HIST-00874,CLINICAL_TRIAL_EXPERIENCE,2,0,US-West,0.375,5,224,1,0,209,0,0
HIST-00875,COMPETITIVE_LANDSCAPE,2,1,US-West,0.148,9,372,-1,0,267,1,1
HIST-00876,PATIENT_SELECTION_POSITIONING,2,0,EMEA,0.499,3,296,0,0,316,0,0
HIST-00877,CLINICAL_TRIAL_EXPERIENCE,2,1,APAC,0.141,7,162,-1,0,66,0,0
HIST-00878,GUIDELINES_PRACTICE_PATTERNS,3,0,US-Central,0.084,1,52,-1,0,132,0,0
HIST-00879,UNMET_NEED,2,0,APAC,0.286,1,190,0,0,192,0,1
HIST-00880,DIAGNOSTIC_MONITORING,2,0,APAC,0.296,0,354,0,0,230,1,0
HIST-00881,DIAGNOSTIC_MONITORING,3,1,US-Central,0.174,4,89,0,0,334,0,0
HIST-00882,GUIDELINES_PRACTICE_PATTERNS,2,0,APAC,0.211,4,383,0,0,277,1,0
HIST-00883,EFFICACY_REAL_WORLD,2,1,US-West,0.183,2,67,0,0,284,1,0
HIST-00884,EFFICACY_REAL_WORLD,2,1,EMEA,0.043,6,169,-1,0,63,0,0
HIST-00885,UNMET_NEED,3,1,US-West,0.137,6,202,0,0,130,0,0
HIST-00886,GUIDELINES_PRACTICE_PATTERNS,1,0,US-West,0.252,3,341,0,0,155,1,0
HIST-00887,EFFICACY_REAL_WORLD,2,0,US-West,0.123,11,29,-1,0,297,0,0
HIST-00888,CLINICAL_TRIAL_EXPERIENCE,2,0,US-West,0.661,3,102,0,0,229,0,0
HIST-00889,DATA_GAP_EVIDENCE_NEED,2,1,APAC,0.075,2,135,-1,0,187,1,0
HIST-00890,SAFETY_TOLERABILITY,2,0,US-East,0.269,2,275,-1,0,181,0,0
HIST-00891,DOSING_ADMINISTRATION,3,0,EMEA,0.267,2,351,-1,1,314,0,0
HIST-00892,DOSING_ADMINISTRATION,2,0,US-Central,0.109,2,353,0,0,174,0,0
HIST-00893,CLINICAL_TRIAL_EXPERIENCE,1,1,EMEA,0.165,4,352,0,0,258,0,0
HIST-00894,GUIDELINES_PRACTICE_PATTERNS,2,1,US-West,0.435,0,181,1,0,174,0,0
HIST-00895,DIAGNOSTIC_MONITORING,1,1,APAC,0.083,0,95,0,0,237,1,0
HIST-00896,DATA_GAP_EVIDENCE_NEED,1,1,US-East,0.109,4,209,1,0,111,1,0
HIST-00897,GUIDELINES_PRACTICE_PATTERNS,3,1,APAC,0.332,8,185,0,0,215,0,1
HIST-00898,DOSING_ADMINISTRATION,1,0,US-Central,0.261,0,25,1,0,181,1,0
HIST-00899,PATIENT_SELECTION_POSITIONING,2,0,US-East,0.076,2,98,0,0,135,0,0
HIST-00900,PATIENT_EXPERIENCE_ADHERENCE,2,1,US-West,0.152,5,20,1,0,332,0,0
HIST-00901,SAFETY_TOLERABILITY,1,1,APAC,0.482,5,139,-1,0,182,0,1
HIST-00902,SAFETY_TOLERABILITY,1,0,US-West,0.284,5,204,1,0,124,1,1
HIST-00903,DATA_GAP_EVIDENCE_NEED,2,1,US-East,0.122,0,263,-1,0,213,0,0
HIST-00904,PATIENT_EXPERIENCE_ADHERENCE,1,1,US-West,0.224,2,146,1,1,221,1,0
HIST-00905,SAFETY_TOLERABILITY,3,0,US-West,0.38,0,332,1,0,225,0,0
HIST-00906,DATA_GAP_EVIDENCE_NEED,2,0,US-West,0.225,5,164,0,0,205,0,0
HIST-00907,ACCESS_REIMBURSEMENT,3,0,US-Central,0.355,4,186,0,0,262,0,0
HIST-00908,PATIENT_SELECTION_POSITIONING,3,0,US-East,0.101,8,154,0,0,165,1,0
HIST-00909,CLINICAL_TRIAL_EXPERIENCE,3,1,US-West,0.142,2,209,0,0,171,0,1
HIST-00910,DIAGNOSTIC_MONITORING,2,1,US-West,0.269,7,299,-1,0,227,0,0
HIST-00911,DIAGNOSTIC_MONITORING,3,0,APAC,0.456,5,70,0,0,69,1,0
HIST-00912,EFFICACY_REAL_WORLD,3,0,EMEA,0.4,4,265,1,0,287,0,0
HIST-00913,CLINICAL_TRIAL_EXPERIENCE,1,0,APAC,0.441,11,262,-1,0,159,1,0
HIST-00914,UNMET_NEED,2,0,US-Central,0.434,1,195,0,0,274,0,0
HIST-00915,GUIDELINES_PRACTICE_PATTERNS,2,0,US-Central,0.404,3,369,1,0,51,1,0
HIST-00916,PATIENT_SELECTION_POSITIONING,2,0,US-West,0.176,2,232,0,0,238,1,0
HIST-00917,DOSING_ADMINISTRATION,2,0,US-Central,0.291,1,297,0,0,336,0,1
HIST-00918,DIAGNOSTIC_MONITORING,1,1,US-West,0.328,11,78,-1,0,289,1,1
HIST-00919,DOSING_ADMINISTRATION,2,0,EMEA,0.111,6,166,0,0,297,1,0
HIST-00920,DATA_GAP_EVIDENCE_NEED,2,1,US-Central,0.17,2,370,0,0,249,1,0
HIST-00921,SAFETY_TOLERABILITY,3,1,US-Central,0.335,0,216,0,0,171,1,0
HIST-00922,COMPETITIVE_LANDSCAPE,3,0,US-East,0.253,2,38,0,0,137,1,0
HIST-00923,CLINICAL_TRIAL_EXPERIENCE,2,0,US-West,0.245,8,80,0,0,223,1,0
HIST-00924,DOSING_ADMINISTRATION,2,0,US-Central,0.288,6,223,0,0,160,1,0
HIST-00925,EFFICACY_REAL_WORLD,1,1,US-East,0.378,1,31,-1,0,247,0,0
HIST-00926,COMPETITIVE_LANDSCAPE,2,0,EMEA,0.06,4,313,-1,0,154,0,0
HIST-00927,DATA_GAP_EVIDENCE_NEED,3,0,APAC,0.396,1,192,-1,0,150,0,0
HIST-00928,SAFETY_TOLERABILITY,2,0,US-East,0.127,2,25,0,1,340,1,0
HIST-00929,UNMET_NEED,2,1,EMEA,0.189,2,112,1,0,234,0,0
HIST-00930,EFFICACY_REAL_WORLD,2,0,APAC,0.254,0,6,0,1,121,1,0
HIST-00931,DATA_GAP_EVIDENCE_NEED,1,1,US-West,0.804,1,109,0,0,205,1,1
HIST-00932,GUIDELINES_PRACTICE_PATTERNS,3,0,US-Central,0.328,0,258,0,0,45,0,0
HIST-00933,PATIENT_SELECTION_POSITIONING,2,1,APAC,0.469,0,364,0,0,75,0,0
HIST-00934,DOSING_ADMINISTRATION,2,0,US-Central,0.554,1,121,0,0,210,0,0
HIST-00935,GUIDELINES_PRACTICE_PATTERNS,3,0,US-East,0.203,9,230,-1,0,197,0,0
HIST-00936,SAFETY_TOLERABILITY,2,0,US-West,0.138,5,85,0,0,248,0,0
HIST-00937,DIAGNOSTIC_MONITORING,1,0,EMEA,0.223,1,333,-1,0,94,0,0
HIST-00938,PATIENT_EXPERIENCE_ADHERENCE,2,0,US-East,0.173,3,12,-1,0,130,0,0
HIST-00939,COMPETITIVE_LANDSCAPE,2,0,APAC,0.316,6,185,-1,0,113,0,0
HIST-00940,DIAGNOSTIC_MONITORING,2,1,US-East,0.241,0,103,-1,0,113,1,0
HIST-00941,ACCESS_REIMBURSEMENT,3,0,APAC,0.142,6,40,1,0,197,1,0
HIST-00942,CLINICAL_TRIAL_EXPERIENCE,1,1,EMEA,0.335,3,149,0,0,285,0,1
HIST-00943,UNMET_NEED,2,0,APAC,0.082,3,131,-1,0,218,0,0
HIST-00944,PATIENT_SELECTION_POSITIONING,3,0,US-Central,0.277,0,241,-1,0,187,0,0
HIST-00945,ACCESS_REIMBURSEMENT,3,0,US-East,0.246,0,282,0,0,110,0,0
HIST-00946,GUIDELINES_PRACTICE_PATTERNS,1,1,US-East,0.431,2,346,-1,0,152,0,0
HIST-00947,UNMET_NEED,3,0,US-West,0.238,2,149,-1,0,355,0,0
HIST-00948,GUIDELINES_PRACTICE_PATTERNS,2,0,US-West,0.255,9,66,1,0,134,0,0
HIST-00949,ACCESS_REIMBURSEMENT,3,0,US-West,0.039,1,275,-1,0,149,0,0
HIST-00950,DIAGNOSTIC_MONITORING,2,0,US-East,0.317,0,227,-1,0,131,1,0
HIST-00951,SAFETY_TOLERABILITY,2,0,US-East,0.037,8,46,-1,0,248,0,0
HIST-00952,DATA_GAP_EVIDENCE_NEED,3,0,APAC,0.285,2,335,0,0,164,0,0
HIST-00953,CLINICAL_TRIAL_EXPERIENCE,2,1,US-Central,0.237,0,335,0,0,259,1,0
HIST-00954,COMPETITIVE_LANDSCAPE,3,0,US-Central,0.395,3,258,0,0,243,1,0
HIST-00955,EFFICACY_REAL_WORLD,1,0,EMEA,0.118,1,243,0,0,304,1,0
HIST-00956,DIAGNOSTIC_MONITORING,3,0,APAC,0.107,0,363,0,0,237,1,0
HIST-00957,CLINICAL_TRIAL_EXPERIENCE,2,0,US-West,0.137,7,205,0,1,165,1,0
HIST-00958,DATA_GAP_EVIDENCE_NEED,1,1,EMEA,0.129,2,102,0,0,130,1,0
HIST-00959,UNMET_NEED,1,1,EMEA,0.143,6,178,-1,0,189,1,0
HIST-00960,SAFETY_TOLERABILITY,1,0,APAC,0.067,7,142,1,0,181,1,0
HIST-00961,PATIENT_EXPERIENCE_ADHERENCE,3,1,US-East,0.178,0,37,0,0,227,1,0
HIST-00962,PATIENT_SELECTION_POSITIONING,1,0,US-West,0.341,1,317,1,0,122,0,0
HIST-00963,COMPETITIVE_LANDSCAPE,2,0,US-Central,0.303,4,63,-1,0,211,0,0
HIST-00964,PATIENT_EXPERIENCE_ADHERENCE,2,0,EMEA,0.459,2,24,1,0,143,0,1
HIST-00965,CLINICAL_TRIAL_EXPERIENCE,1,1,US-East,0.138,1,72,0,0,220,1,0
HIST-00966,DIAGNOSTIC_MONITORING,3,0,EMEA,0.655,3,265,0,0,103,0,0
HIST-00967,ACCESS_REIMBURSEMENT,2,0,US-Central,0.338,3,10,0,0,253,1,0
HIST-00968,DOSING_ADMINISTRATION,3,0,APAC,0.188,2,302,0,0,210,0,1
HIST-00969,ACCESS_REIMBURSEMENT,2,1,US-East,0.258,5,106,-1,0,193,0,0
HIST-00970,COMPETITIVE_LANDSCAPE,2,0,US-Central,0.168,5,178,-1,0,135,1,0
HIST-00971,COMPETITIVE_LANDSCAPE,2,0,EMEA,0.617,0,100,0,0,106,0,1
HIST-00972,ACCESS_REIMBURSEMENT,1,1,US-East,0.181,5,320,0,0,239,0,0
HIST-00973,PATIENT_EXPERIENCE_ADHERENCE,2,0,US-Central,0.246,2,237,-1,0,260,1,0
HIST-00974,DATA_GAP_EVIDENCE_NEED,3,0,EMEA,0.264,4,345,-1,0,79,1,0
HIST-00975,DIAGNOSTIC_MONITORING,2,0,US-East,0.196,0,399,0,0,213,1,0
HIST-00976,COMPETITIVE_LANDSCAPE,2,0,US-East,0.378,7,356,0,0,287,0,0
HIST-00977,GUIDELINES_PRACTICE_PATTERNS,2,0,US-Central,0.136,0,71,-1,0,223,1,0
HIST-00978,PATIENT_SELECTION_POSITIONING,2,0,US-West,0.236,6,148,0,0,150,0,0
HIST-00979,DOSING_ADMINISTRATION,1,1,US-West,0.19,1,303,0,0,105,0,0
HIST-00980,DATA_GAP_EVIDENCE_NEED,3,0,APAC,0.182,3,243,0,0,281,0,1
HIST-00981,PATIENT_EXPERIENCE_ADHERENCE,3,1,US-East,0.344,0,200,0,0,300,0,0
HIST-00982,DATA_GAP_EVIDENCE_NEED,1,0,US-West,0.497,7,42,-1,0,224,1,0
HIST-00983,ACCESS_REIMBURSEMENT,2,0,EMEA,0.364,9,107,0,0,185,1,0
HIST-00984,ACCESS_REIMBURSEMENT,2,0,APAC,0.072,0,284,1,0,251,1,0
HIST-00985,PATIENT_EXPERIENCE_ADHERENCE,1,1,US-Central,0.35,5,190,1,0,259,0,1
HIST-00986,CLINICAL_TRIAL_EXPERIENCE,3,0,US-Central,0.381,0,366,0,0,285,0,0
HIST-00987,SAFETY_TOLERABILITY,3,1,EMEA,0.165,2,379,-1,0,249,1,0
HIST-00988,CLINICAL_TRIAL_EXPERIENCE,2,0,US-East,0.28,0,95,0,0,135,1,0
HIST-00989,ACCESS_REIMBURSEMENT,2,0,US-East,0.292,2,338,0,0,200,0,0
HIST-00990,COMPETITIVE_LANDSCAPE,3,1,US-West,0.136,1,247,-1,0,207,0,0
HIST-00991,DIAGNOSTIC_MONITORING,1,0,EMEA,0.646,3,131,0,0,182,0,1
HIST-00992,COMPETITIVE_LANDSCAPE,3,0,US-West,0.279,1,111,-1,0,272,1,0
HIST-00993,SAFETY_TOLERABILITY,3,0,US-Central,0.157,2,234,-1,0,336,0,0
HIST-00994,PATIENT_SELECTION_POSITIONING,2,0,APAC,0.334,3,224,-1,0,225,1,0
HIST-00995,DATA_GAP_EVIDENCE_NEED,3,0,EMEA,0.412,3,170,-1,1,173,1,1
HIST-00996,PATIENT_SELECTION_POSITIONING,2,0,APAC,0.278,2,150,0,0,158,0,0
HIST-00997,DATA_GAP_EVIDENCE_NEED,3,0,EMEA,0.632,4,5,0,1,77,0,1
HIST-00998,DOSING_ADMINISTRATION,3,0,APAC,0.588,5,332,0,0,258,0,1
HIST-00999,DATA_GAP_EVIDENCE_NEED,2,1,US-East,0.159,5,237,-1,0,138,0,0
HIST-01000,PATIENT_SELECTION_POSITIONING,2,1,APAC,0.14,5,341,0,0,263,1,0
HIST-01001,COMPETITIVE_LANDSCAPE,2,0,APAC,0.284,4,158,-1,0,169,0,0
HIST-01002,COMPETITIVE_LANDSCAPE,3,1,US-West,0.257,0,103,-1,0,234,1,1
HIST-01003,SAFETY_TOLERABILITY,3,0,US-Central,0.255,0,30,-1,0,199,1,0
HIST-01004,ACCESS_REIMBURSEMENT,3,1,US-Central,0.541,2,303,0,0,311,1,0
HIST-01005,SAFETY_TOLERABILITY,2,0,EMEA,0.205,3,293,-1,0,212,0,0
HIST-01006,DOSING_ADMINISTRATION,1,0,EMEA,0.016,2,256,-1,0,79,0,0
HIST-01007,CLINICAL_TRIAL_EXPERIENCE,2,1,US-West,0.161,0,260,0,0,290,0,0
HIST-01008,DATA_GAP_EVIDENCE_NEED,3,1,US-Central,0.423,1,240,1,0,252,1,0
HIST-01009,UNMET_NEED,3,0,APAC,0.459,10,76,0,0,280,1,0
HIST-01010,EFFICACY_REAL_WORLD,2,0,US-West,0.344,1,142,-1,0,128,0,0
HIST-01011,PATIENT_EXPERIENCE_ADHERENCE,2,0,US-East,0.128,4,84,0,0,194,0,0
HIST-01012,DOSING_ADMINISTRATION,2,0,US-East,0.125,3,179,-1,0,255,1,0
HIST-01013,UNMET_NEED,1,1,APAC,0.232,2,46,0,0,156,0,1
HIST-01014,CLINICAL_TRIAL_EXPERIENCE,1,1,US-West,0.214,2,166,-1,0,247,1,0
HIST-01015,DIAGNOSTIC_MONITORING,2,0,EMEA,0.334,0,13,-1,1,208,0,0
HIST-01016,CLINICAL_TRIAL_EXPERIENCE,2,0,EMEA,0.403,1,186,0,0,188,1,0
HIST-01017,SAFETY_TOLERABILITY,3,1,APAC,0.049,0,82,1,0,213,0,0
HIST-01018,PATIENT_SELECTION_POSITIONING,2,0,US-East,0.041,1,36,1,0,229,0,0
HIST-01019,CLINICAL_TRIAL_EXPERIENCE,2,0,EMEA,0.304,1,310,-1,1,260,0,1
HIST-01020,CLINICAL_TRIAL_EXPERIENCE,2,0,US-Central,0.55,3,159,-1,0,200,0,1
HIST-01021,GUIDELINES_PRACTICE_PATTERNS,3,0,EMEA,0.1,0,279,-1,1,206,0,0
HIST-01022,CLINICAL_TRIAL_EXPERIENCE,2,0,US-Central,0.344,3,260,0,0,169,1,0
HIST-01023,DIAGNOSTIC_MONITORING,2,0,US-Central,0.129,4,348,-1,0,313,1,0
HIST-01024,DATA_GAP_EVIDENCE_NEED,3,0,APAC,0.379,0,114,-1,0,298,0,0
HIST-01025,DOSING_ADMINISTRATION,3,0,EMEA,0.737,1,293,0,0,177,0,0
HIST-01026,COMPETITIVE_LANDSCAPE,2,0,US-Central,0.204,0,211,-1,0,156,0,0
HIST-01027,COMPETITIVE_LANDSCAPE,2,0,APAC,0.529,4,91,-1,0,137,0,0
HIST-01028,PATIENT_SELECTION_POSITIONING,3,0,APAC,0.395,3,299,-1,0,183,1,0
HIST-01029,ACCESS_REIMBURSEMENT,1,1,EMEA,0.014,0,236,0,0,215,0,0
HIST-01030,PATIENT_EXPERIENCE_ADHERENCE,1,0,US-Central,0.418,3,171,1,0,171,1,0
HIST-01031,CLINICAL_TRIAL_EXPERIENCE,1,0,EMEA,0.409,2,261,0,0,339,0,1
HIST-01032,DATA_GAP_EVIDENCE_NEED,3,0,US-Central,0.17,11,278,-1,0,92,0,0
HIST-01033,UNMET_NEED,2,0,US-West,0.303,0,209,0,0,276,0,0
HIST-01034,ACCESS_REIMBURSEMENT,2,0,US-East,0.255,1,51,0,0,239,0,0
HIST-01035,ACCESS_REIMBURSEMENT,2,0,US-East,0.146,2,142,1,0,210,0,0
HIST-01036,DOSING_ADMINISTRATION,1,0,EMEA,0.219,7,151,-1,0,114,0,0
HIST-01037,ACCESS_REIMBURSEMENT,3,0,US-East,0.12,9,329,0,0,195,0,0
HIST-01038,DATA_GAP_EVIDENCE_NEED,3,0,EMEA,0.249,0,204,-1,0,331,1,0
HIST-01039,SAFETY_TOLERABILITY,3,0,EMEA,0.38,3,291,0,1,84,0,0
HIST-01040,COMPETITIVE_LANDSCAPE,3,0,US-East,0.177,6,209,-1,0,290,1,0
HIST-01041,COMPETITIVE_LANDSCAPE,3,0,US-Central,0.18,2,359,1,0,259,0,0
HIST-01042,PATIENT_EXPERIENCE_ADHERENCE,3,0,US-Central,0.312,0,322,-1,0,227,1,1
HIST-01043,UNMET_NEED,2,0,US-East,0.052,1,299,-1,0,210,1,0
HIST-01044,UNMET_NEED,2,1,US-West,0.134,0,289,1,0,106,1,0
HIST-01045,CLINICAL_TRIAL_EXPERIENCE,1,0,US-Central,0.093,3,372,-1,0,247,1,1
HIST-01046,GUIDELINES_PRACTICE_PATTERNS,3,0,US-East,0.514,2,365,0,0,148,0,0
HIST-01047,EFFICACY_REAL_WORLD,3,0,EMEA,0.223,2,64,-1,0,207,0,0
HIST-01048,UNMET_NEED,2,1,US-West,0.02,9,103,0,0,227,1,0
HIST-01049,EFFICACY_REAL_WORLD,3,1,US-West,0.559,11,202,0,0,150,0,1
HIST-01050,ACCESS_REIMBURSEMENT,2,0,APAC,0.019,1,180,0,0,85,1,0
HIST-01051,COMPETITIVE_LANDSCAPE,1,0,US-Central,0.292,3,330,1,0,199,1,0
HIST-01052,SAFETY_TOLERABILITY,1,1,US-Central,0.33,0,104,-1,0,243,0,0
HIST-01053,GUIDELINES_PRACTICE_PATTERNS,2,0,APAC,0.206,1,41,0,0,216,0,0
HIST-01054,DIAGNOSTIC_MONITORING,2,0,US-Central,0.239,0,399,0,0,274,0,0
HIST-01055,CLINICAL_TRIAL_EXPERIENCE,2,1,US-Central,0.247,0,120,1,0,329,0,0
HIST-01056,DOSING_ADMINISTRATION,2,0,US-West,0.131,2,256,-1,0,133,1,0
HIST-01057,COMPETITIVE_LANDSCAPE,1,0,US-West,0.429,3,136,0,0,164,1,1
HIST-01058,DIAGNOSTIC_MONITORING,2,0,US-West,0.458,1,382,1,0,347,1,0
HIST-01059,EFFICACY_REAL_WORLD,1,1,US-West,0.127,0,368,0,0,179,1,0
HIST-01060,CLINICAL_TRIAL_EXPERIENCE,2,1,US-West,0.137,4,33,-1,0,227,1,1
HIST-01061,ACCESS_REIMBURSEMENT,3,0,US-Central,0.227,3,333,0,0,150,0,0
HIST-01062,GUIDELINES_PRACTICE_PATTERNS,3,0,APAC,0.2,10,141,1,0,191,0,1
HIST-01063,PATIENT_EXPERIENCE_ADHERENCE,2,0,US-West,0.194,0,380,0,0,110,0,0
HIST-01064,PATIENT_SELECTION_POSITIONING,1,1,EMEA,0.445,1,124,-1,0,180,1,1
HIST-01065,DOSING_ADMINISTRATION,3,0,US-West,0.165,1,253,-1,0,252,0,0
HIST-01066,PATIENT_EXPERIENCE_ADHERENCE,2,0,APAC,0.335,5,397,-1,0,370,1,0
HIST-01067,PATIENT_SELECTION_POSITIONING,2,0,US-Central,0.507,8,354,0,0,79,0,1
HIST-01068,PATIENT_EXPERIENCE_ADHERENCE,2,0,US-Central,0.604,1,305,-1,0,361,0,1
HIST-01069,EFFICACY_REAL_WORLD,2,0,APAC,0.288,5,66,0,0,37,0,0
HIST-01070,EFFICACY_REAL_WORLD,2,0,EMEA,0.416,0,323,1,0,283,1,0
HIST-01071,GUIDELINES_PRACTICE_PATTERNS,1,0,US-East,0.694,0,189,0,0,68,1,1
HIST-01072,COMPETITIVE_LANDSCAPE,2,1,APAC,0.27,5,96,1,0,216,0,0
HIST-01073,EFFICACY_REAL_WORLD,3,0,US-West,0.486,9,32,-1,0,234,1,0
HIST-01074,ACCESS_REIMBURSEMENT,2,1,APAC,0.16,0,110,0,0,212,0,0
HIST-01075,CLINICAL_TRIAL_EXPERIENCE,2,0,US-Central,0.339,8,367,1,0,130,0,0
HIST-01076,DIAGNOSTIC_MONITORING,2,0,US-East,0.252,2,362,-1,0,102,1,0
HIST-01077,UNMET_NEED,2,0,APAC,0.127,1,137,0,0,164,0,0
HIST-01078,COMPETITIVE_LANDSCAPE,3,0,APAC,0.269,0,256,-1,0,241,0,0
HIST-01079,SAFETY_TOLERABILITY,2,0,US-East,0.316,2,33,-1,0,199,0,0
HIST-01080,CLINICAL_TRIAL_EXPERIENCE,3,0,US-East,0.174,0,213,0,0,214,0,0
HIST-01081,DATA_GAP_EVIDENCE_NEED,3,0,EMEA,0.168,0,396,1,0,291,0,0
HIST-01082,GUIDELINES_PRACTICE_PATTERNS,3,1,US-East,0.649,6,240,-1,0,148,0,0
HIST-01083,PATIENT_EXPERIENCE_ADHERENCE,3,0,US-East,0.105,0,127,0,0,198,0,0
HIST-01084,GUIDELINES_PRACTICE_PATTERNS,2,0,EMEA,0.135,6,332,0,0,141,0,0
HIST-01085,DATA_GAP_EVIDENCE_NEED,3,0,US-Central,0.145,5,44,-1,0,248,0,0
HIST-01086,PATIENT_EXPERIENCE_ADHERENCE,1,0,US-West,0.05,0,325,1,1,196,1,0
HIST-01087,DOSING_ADMINISTRATION,3,0,US-East,0.327,8,12,-1,0,130,1,0
HIST-01088,DIAGNOSTIC_MONITORING,3,0,US-East,0.498,3,373,-1,0,208,1,0
HIST-01089,UNMET_NEED,3,1,APAC,0.462,2,150,-1,0,81,0,0
HIST-01090,ACCESS_REIMBURSEMENT,2,0,EMEA,0.239,5,264,1,0,205,0,0
HIST-01091,EFFICACY_REAL_WORLD,3,0,APAC,0.261,0,392,0,0,255,1,0
HIST-01092,PATIENT_SELECTION_POSITIONING,1,0,US-Central,0.673,0,362,1,0,237,0,0
HIST-01093,GUIDELINES_PRACTICE_PATTERNS,2,0,APAC,0.197,6,399,-1,0,293,1,0
HIST-01094,DIAGNOSTIC_MONITORING,2,1,US-East,0.487,5,60,0,1,144,1,1
HIST-01095,EFFICACY_REAL_WORLD,3,0,US-Central,0.649,0,222,0,0,194,1,0
HIST-01096,DIAGNOSTIC_MONITORING,3,0,US-East,0.034,0,5,-1,0,190,1,0
HIST-01097,SAFETY_TOLERABILITY,2,1,EMEA,0.167,3,237,0,0,90,1,0
HIST-01098,DATA_GAP_EVIDENCE_NEED,2,0,EMEA,0.116,10,126,0,1,136,0,1
HIST-01099,ACCESS_REIMBURSEMENT,3,0,US-West,0.477,9,215,0,0,214,0,0
HIST-01100,ACCESS_REIMBURSEMENT,3,0,EMEA,0.09,2,331,-1,0,189,1,0
HIST-01101,UNMET_NEED,3,0,US-Central,0.734,1,180,1,0,97,0,0
HIST-01102,ACCESS_REIMBURSEMENT,2,0,US-West,0.093,6,41,-1,1,181,1,0
HIST-01103,DATA_GAP_EVIDENCE_NEED,2,1,US-West,0.208,9,146,-1,0,120,0,0
HIST-01104,PATIENT_EXPERIENCE_ADHERENCE,2,0,US-West,0.355,6,288,0,0,304,0,0
HIST-01105,EFFICACY_REAL_WORLD,1,1,EMEA,0.508,4,235,-1,0,257,1,1
HIST-01106,ACCESS_REIMBURSEMENT,3,0,EMEA,0.121,9,16,-1,0,156,1,0
HIST-01107,UNMET_NEED,1,1,US-East,0.146,3,85,0,1,242,1,1
HIST-01108,DATA_GAP_EVIDENCE_NEED,2,0,US-East,0.346,1,283,0,0,79,0,0
HIST-01109,EFFICACY_REAL_WORLD,3,1,US-East,0.138,1,273,0,0,95,0,0
HIST-01110,SAFETY_TOLERABILITY,1,1,APAC,0.074,4,190,1,0,290,0,1
HIST-01111,EFFICACY_REAL_WORLD,2,0,APAC,0.103,6,213,1,0,161,1,0
HIST-01112,GUIDELINES_PRACTICE_PATTERNS,2,1,APAC,0.38,2,115,1,0,98,0,0
HIST-01113,SAFETY_TOLERABILITY,1,1,US-West,0.344,1,134,1,0,196,0,1
HIST-01114,ACCESS_REIMBURSEMENT,2,0,US-Central,0.125,2,278,0,0,211,0,0
HIST-01115,DOSING_ADMINISTRATION,3,0,US-East,0.102,0,177,0,0,286,1,0
HIST-01116,DATA_GAP_EVIDENCE_NEED,2,1,US-East,0.416,1,272,0,0,365,1,0
HIST-01117,ACCESS_REIMBURSEMENT,3,0,US-East,0.166,5,253,-1,0,259,0,0
HIST-01118,GUIDELINES_PRACTICE_PATTERNS,2,0,US-East,0.168,2,106,0,0,298,1,0
HIST-01119,GUIDELINES_PRACTICE_PATTERNS,2,0,US-Central,0.289,0,177,0,0,166,1,0
HIST-01120,COMPETITIVE_LANDSCAPE,3,0,APAC,0.601,4,302,1,1,79,1,0
HIST-01121,PATIENT_EXPERIENCE_ADHERENCE,3,1,US-West,0.314,3,391,-1,0,97,0,0
HIST-01122,DATA_GAP_EVIDENCE_NEED,2,0,APAC,0.276,0,208,1,0,144,1,0
HIST-01123,PATIENT_EXPERIENCE_ADHERENCE,3,0,APAC,0.309,4,122,0,0,198,1,0
HIST-01124,DOSING_ADMINISTRATION,3,0,EMEA,0.227,4,49,-1,0,371,1,0
HIST-01125,GUIDELINES_PRACTICE_PATTERNS,1,0,US-Central,0.07,2,266,1,0,303,0,0
HIST-01126,DIAGNOSTIC_MONITORING,2,0,US-West,0.339,3,229,1,0,113,1,0
HIST-01127,EFFICACY_REAL_WORLD,2,1,US-West,0.041,1,3,-1,0,191,1,1
HIST-01128,PATIENT_SELECTION_POSITIONING,1,0,US-East,0.047,6,251,0,0,227,0,0
HIST-01129,EFFICACY_REAL_WORLD,2,0,US-West,0.23,6,323,0,0,279,0,0
HIST-01130,ACCESS_REIMBURSEMENT,3,1,EMEA,0.257,0,181,0,0,181,0,0
HIST-01131,DOSING_ADMINISTRATION,3,0,US-East,0.543,9,17,-1,0,228,0,0
HIST-01132,GUIDELINES_PRACTICE_PATTERNS,3,0,US-Central,0.185,1,205,0,0,140,0,0
HIST-01133,GUIDELINES_PRACTICE_PATTERNS,1,0,APAC,0.504,4,99,0,0,211,1,1
HIST-01134,DIAGNOSTIC_MONITORING,2,1,US-West,0.516,4,292,-1,0,145,0,0
HIST-01135,DIAGNOSTIC_MONITORING,3,1,EMEA,0.293,2,377,0,0,340,1,0
HIST-01136,COMPETITIVE_LANDSCAPE,1,1,US-West,0.223,0,186,1,0,239,1,0
HIST-01137,COMPETITIVE_LANDSCAPE,3,0,US-East,0.421,1,278,0,0,175,0,0
HIST-01138,ACCESS_REIMBURSEMENT,3,0,APAC,0.178,2,288,0,0,186,1,1
HIST-01139,UNMET_NEED,3,0,US-Central,0.254,0,254,-1,0,95,0,0
HIST-01140,UNMET_NEED,1,1,APAC,0.338,3,213,0,0,258,0,0
HIST-01141,COMPETITIVE_LANDSCAPE,1,1,APAC,0.44,3,177,0,0,186,1,1
HIST-01142,DOSING_ADMINISTRATION,3,0,EMEA,0.204,4,364,1,0,132,1,0
HIST-01143,PATIENT_EXPERIENCE_ADHERENCE,3,0,US-West,0.218,0,19,0,0,145,0,0
HIST-01144,DATA_GAP_EVIDENCE_NEED,2,0,APAC,0.359,4,102,1,1,202,1,1
HIST-01145,SAFETY_TOLERABILITY,1,0,US-Central,0.069,3,138,1,0,121,0,0
HIST-01146,PATIENT_EXPERIENCE_ADHERENCE,2,1,US-East,0.225,4,220,0,1,204,0,0
HIST-01147,CLINICAL_TRIAL_EXPERIENCE,1,1,APAC,0.263,1,60,-1,0,198,0,0
HIST-01148,PATIENT_SELECTION_POSITIONING,3,0,EMEA,0.193,0,375,0,0,150,1,0
HIST-01149,GUIDELINES_PRACTICE_PATTERNS,3,0,US-Central,0.085,2,369,1,0,87,0,0
HIST-01150,DIAGNOSTIC_MONITORING,2,0,US-West,0.151,1,251,-1,0,202,0,0
HIST-01151,DATA_GAP_EVIDENCE_NEED,2,0,US-West,0.111,5,138,0,0,253,0,1
HIST-01152,COMPETITIVE_LANDSCAPE,3,0,APAC,0.263,5,198,0,0,137,0,0
HIST-01153,SAFETY_TOLERABILITY,2,0,US-East,0.479,4,282,-1,0,191,1,1
HIST-01154,GUIDELINES_PRACTICE_PATTERNS,3,1,US-East,0.179,2,304,0,0,210,0,0
HIST-01155,PATIENT_EXPERIENCE_ADHERENCE,2,1,US-East,0.335,2,59,0,0,62,0,1
HIST-01156,EFFICACY_REAL_WORLD,2,0,US-East,0.096,0,298,0,0,218,1,0
HIST-01157,COMPETITIVE_LANDSCAPE,2,1,US-East,0.611,6,4,0,0,266,1,0
HIST-01158,PATIENT_SELECTION_POSITIONING,2,0,US-West,0.658,5,111,0,0,144,1,0
HIST-01159,COMPETITIVE_LANDSCAPE,3,1,US-West,0.15,5,98,1,0,237,1,1
HIST-01160,EFFICACY_REAL_WORLD,3,1,EMEA,0.321,3,328,1,0,94,0,0
HIST-01161,ACCESS_REIMBURSEMENT,2,0,US-East,0.213,4,162,1,0,218,0,0
HIST-01162,EFFICACY_REAL_WORLD,1,1,US-East,0.063,0,236,-1,0,108,1,0
HIST-01163,SAFETY_TOLERABILITY,1,0,EMEA,0.146,7,340,0,0,257,0,0
HIST-01164,DATA_GAP_EVIDENCE_NEED,1,0,US-Central,0.019,1,161,1,0,328,1,1
HIST-01165,PATIENT_EXPERIENCE_ADHERENCE,3,0,US-East,0.096,5,182,1,0,125,1,0
HIST-01166,PATIENT_SELECTION_POSITIONING,3,1,US-West,0.355,2,262,0,0,311,0,0
HIST-01167,DIAGNOSTIC_MONITORING,2,1,US-West,0.331,8,217,0,0,144,0,0
HIST-01168,GUIDELINES_PRACTICE_PATTERNS,1,1,EMEA,0.195,1,63,0,0,189,1,0
HIST-01169,UNMET_NEED,2,0,US-Central,0.426,7,51,-1,0,217,1,0
HIST-01170,PATIENT_SELECTION_POSITIONING,2,0,US-East,0.509,6,90,1,0,139,0,0
HIST-01171,PATIENT_EXPERIENCE_ADHERENCE,2,0,EMEA,0.211,0,169,1,0,43,1,0
HIST-01172,DIAGNOSTIC_MONITORING,3,0,APAC,0.538,5,179,-1,0,156,0,0
HIST-01173,ACCESS_REIMBURSEMENT,3,0,US-West,0.2,8,325,-1,0,250,0,0
HIST-01174,EFFICACY_REAL_WORLD,1,0,US-West,0.41,2,150,-1,0,235,1,0
HIST-01175,COMPETITIVE_LANDSCAPE,3,1,APAC,0.381,1,184,-1,1,182,0,1
HIST-01176,DATA_GAP_EVIDENCE_NEED,2,0,US-East,0.361,1,335,0,0,115,0,0
HIST-01177,SAFETY_TOLERABILITY,3,0,US-East,0.134,0,134,0,0,212,0,0
HIST-01178,ACCESS_REIMBURSEMENT,1,0,US-West,0.138,0,48,0,0,171,1,0
HIST-01179,PATIENT_SELECTION_POSITIONING,2,1,US-West,0.354,3,147,0,0,331,1,0
HIST-01180,PATIENT_SELECTION_POSITIONING,3,0,APAC,0.162,6,330,0,0,91,0,0
HIST-01181,ACCESS_REIMBURSEMENT,2,1,EMEA,0.085,4,357,-1,0,242,1,0
HIST-01182,DATA_GAP_EVIDENCE_NEED,3,0,US-Central,0.453,9,282,0,0,117,1,1
HIST-01183,DATA_GAP_EVIDENCE_NEED,2,0,EMEA,0.408,5,126,1,0,251,1,0
HIST-01184,DIAGNOSTIC_MONITORING,2,0,US-West,0.432,2,304,0,0,277,0,0
HIST-01185,DATA_GAP_EVIDENCE_NEED,2,0,EMEA,0.35,2,396,1,0,241,0,0
HIST-01186,SAFETY_TOLERABILITY,1,0,EMEA,0.436,1,336,-1,0,227,0,1
HIST-01187,DOSING_ADMINISTRATION,1,1,EMEA,0.283,0,66,0,0,234,1,0
HIST-01188,SAFETY_TOLERABILITY,1,0,US-East,0.221,1,65,0,0,219,0,0
HIST-01189,SAFETY_TOLERABILITY,3,0,US-West,0.558,0,61,-1,0,139,1,0
HIST-01190,ACCESS_REIMBURSEMENT,2,1,US-East,0.232,3,51,-1,0,215,0,0
HIST-01191,CLINICAL_TRIAL_EXPERIENCE,3,0,EMEA,0.606,1,271,0,0,204,0,1
HIST-01192,DATA_GAP_EVIDENCE_NEED,3,0,EMEA,0.14,1,269,1,0,291,0,0
HIST-01193,ACCESS_REIMBURSEMENT,1,1,US-East,0.11,1,239,0,1,179,0,0
HIST-01194,CLINICAL_TRIAL_EXPERIENCE,3,0,US-Central,0.321,1,57,0,0,221,1,0
HIST-01195,SAFETY_TOLERABILITY,3,0,APAC,0.155,0,190,1,0,86,1,0
HIST-01196,COMPETITIVE_LANDSCAPE,3,0,APAC,0.377,4,189,-1,0,269,1,0
HIST-01197,DATA_GAP_EVIDENCE_NEED,2,1,APAC,0.067,2,154,-1,0,204,1,0
HIST-01198,PATIENT_EXPERIENCE_ADHERENCE,2,0,US-West,0.417,1,246,0,0,142,1,0
HIST-01199,ACCESS_REIMBURSEMENT,2,1,APAC,0.395,3,205,-1,0,203,0,1
HIST-01200,DIAGNOSTIC_MONITORING,1,1,US-East,0.369,2,200,0,0,109,1,1
HIST-01201,PATIENT_SELECTION_POSITIONING,2,0,US-East,0.147,8,104,1,0,141,0,0
HIST-01202,GUIDELINES_PRACTICE_PATTERNS,1,1,EMEA,0.225,8,220,-1,0,251,0,1
HIST-01203,PATIENT_EXPERIENCE_ADHERENCE,1,0,US-East,0.138,0,116,-1,1,215,1,0
HIST-01204,ACCESS_REIMBURSEMENT,2,0,US-East,0.445,3,372,0,0,202,0,0
HIST-01205,DATA_GAP_EVIDENCE_NEED,3,0,EMEA,0.268,5,225,0,1,245,0,0
HIST-01206,DOSING_ADMINISTRATION,1,1,US-West,0.565,1,263,0,0,128,1,0
HIST-01207,UNMET_NEED,2,0,US-West,0.177,8,54,-1,0,237,1,0
HIST-01208,CLINICAL_TRIAL_EXPERIENCE,2,0,US-East,0.252,7,352,0,0,147,0,0
HIST-01209,DIAGNOSTIC_MONITORING,1,1,US-East,0.094,3,240,-1,0,191,0,0
HIST-01210,EFFICACY_REAL_WORLD,3,0,US-Central,0.522,2,299,-1,1,236,0,0
HIST-01211,DOSING_ADMINISTRATION,2,0,APAC,0.122,0,397,-1,0,199,1,1
HIST-01212,ACCESS_REIMBURSEMENT,2,0,US-East,0.118,2,391,-1,0,29,0,0
HIST-01213,PATIENT_SELECTION_POSITIONING,3,1,US-West,0.141,1,375,0,0,251,1,0
HIST-01214,DOSING_ADMINISTRATION,2,0,US-East,0.468,9,338,-1,0,231,0,0
HIST-01215,DIAGNOSTIC_MONITORING,2,0,US-West,0.139,5,286,1,0,150,0,1
HIST-01216,COMPETITIVE_LANDSCAPE,3,0,EMEA,0.125,7,225,0,0,232,1,0
HIST-01217,DIAGNOSTIC_MONITORING,3,1,APAC,0.212,2,372,1,1,96,0,0
HIST-01218,DATA_GAP_EVIDENCE_NEED,2,0,US-West,0.154,4,294,0,0,343,0,0
HIST-01219,SAFETY_TOLERABILITY,3,0,APAC,0.116,8,248,1,0,211,0,0
HIST-01220,PATIENT_EXPERIENCE_ADHERENCE,3,0,APAC,0.551,5,116,-1,0,153,1,1
HIST-01221,PATIENT_EXPERIENCE_ADHERENCE,2,1,US-Central,0.234,1,81,1,0,231,1,0
HIST-01222,CLINICAL_TRIAL_EXPERIENCE,3,1,US-West,0.386,2,69,-1,0,181,0,0
HIST-01223,COMPETITIVE_LANDSCAPE,3,0,APAC,0.525,0,73,1,0,247,1,0
HIST-01224,COMPETITIVE_LANDSCAPE,2,1,US-East,0.433,5,255,1,0,269,1,0
HIST-01225,PATIENT_SELECTION_POSITIONING,2,0,US-West,0.408,7,83,0,0,221,0,0
HIST-01226,COMPETITIVE_LANDSCAPE,3,0,US-East,0.412,1,210,0,0,180,1,0
HIST-01227,GUIDELINES_PRACTICE_PATTERNS,3,0,US-Central,0.254,5,121,-1,0,282,0,0
HIST-01228,PATIENT_SELECTION_POSITIONING,3,0,US-East,0.659,4,120,0,0,134,1,0
HIST-01229,EFFICACY_REAL_WORLD,3,1,US-West,0.292,5,399,1,0,185,1,0
HIST-01230,DOSING_ADMINISTRATION,3,0,EMEA,0.227,4,219,0,0,234,0,0
HIST-01231,CLINICAL_TRIAL_EXPERIENCE,3,1,APAC,0.539,0,40,1,0,238,1,1
HIST-01232,GUIDELINES_PRACTICE_PATTERNS,1,0,US-East,0.544,0,60,-1,0,128,0,0
HIST-01233,UNMET_NEED,2,1,US-West,0.235,5,77,-1,0,270,1,0
HIST-01234,SAFETY_TOLERABILITY,2,0,EMEA,0.112,4,58,-1,1,129,1,1
HIST-01235,CLINICAL_TRIAL_EXPERIENCE,3,0,EMEA,0.506,4,221,1,0,306,0,0
HIST-01236,DATA_GAP_EVIDENCE_NEED,1,1,EMEA,0.441,5,380,0,0,210,0,0
HIST-01237,UNMET_NEED,2,0,EMEA,0.424,0,396,0,0,247,1,0
HIST-01238,DOSING_ADMINISTRATION,2,0,EMEA,0.338,8,297,1,0,165,0,0
HIST-01239,DIAGNOSTIC_MONITORING,2,0,US-Central,0.159,5,332,0,0,251,0,0
HIST-01240,DOSING_ADMINISTRATION,1,0,EMEA,0.501,3,75,0,0,108,0,0
HIST-01241,SAFETY_TOLERABILITY,3,1,APAC,0.649,1,244,-1,1,218,1,1
HIST-01242,ACCESS_REIMBURSEMENT,1,1,US-West,0.381,5,265,0,0,122,0,0
HIST-01243,GUIDELINES_PRACTICE_PATTERNS,2,0,APAC,0.579,2,12,0,0,50,1,0
HIST-01244,PATIENT_EXPERIENCE_ADHERENCE,2,0,APAC,0.234,5,39,1,0,92,0,0
HIST-01245,PATIENT_EXPERIENCE_ADHERENCE,2,0,US-East,0.156,0,384,0,0,183,0,0
HIST-01246,PATIENT_SELECTION_POSITIONING,2,0,EMEA,0.116,9,353,1,0,242,0,0
HIST-01247,DIAGNOSTIC_MONITORING,3,0,APAC,0.011,4,356,0,0,226,0,0
HIST-01248,DIAGNOSTIC_MONITORING,2,0,EMEA,0.356,2,1,1,0,51,0,0
HIST-01249,GUIDELINES_PRACTICE_PATTERNS,2,0,EMEA,0.047,11,343,1,0,250,0,0
HIST-01250,PATIENT_EXPERIENCE_ADHERENCE,2,0,APAC,0.136,1,12,-1,0,237,1,0
HIST-01251,PATIENT_EXPERIENCE_ADHERENCE,2,1,APAC,0.259,8,219,-1,0,196,0,0
HIST-01252,ACCESS_REIMBURSEMENT,2,1,US-Central,0.086,6,33,-1,0,171,0,1
HIST-01253,CLINICAL_TRIAL_EXPERIENCE,3,0,US-East,0.106,0,399,-1,0,294,0,0
HIST-01254,GUIDELINES_PRACTICE_PATTERNS,3,1,US-West,0.048,3,261,1,0,197,1,0
HIST-01255,PATIENT_EXPERIENCE_ADHERENCE,3,1,US-East,0.115,9,68,-1,0,167,1,0
HIST-01256,ACCESS_REIMBURSEMENT,1,1,US-West,0.567,4,378,0,0,252,1,0
HIST-01257,CLINICAL_TRIAL_EXPERIENCE,3,0,US-Central,0.454,0,95,0,0,266,0,0
HIST-01258,ACCESS_REIMBURSEMENT,2,0,US-East,0.221,1,399,0,0,216,1,0
HIST-01259,GUIDELINES_PRACTICE_PATTERNS,1,1,US-Central,0.152,1,197,-1,0,229,0,0
HIST-01260,UNMET_NEED,1,1,US-East,0.264,1,110,1,0,54,0,0
HIST-01261,DOSING_ADMINISTRATION,3,0,US-East,0.249,1,249,0,0,216,0,0
HIST-01262,ACCESS_REIMBURSEMENT,3,0,EMEA,0.607,0,364,1,0,227,1,0
HIST-01263,DIAGNOSTIC_MONITORING,3,0,US-West,0.288,6,285,0,0,161,1,0
HIST-01264,PATIENT_SELECTION_POSITIONING,3,0,US-Central,0.481,5,263,-1,0,196,0,0
HIST-01265,DIAGNOSTIC_MONITORING,2,0,APAC,0.43,1,72,1,0,222,0,0
HIST-01266,PATIENT_EXPERIENCE_ADHERENCE,1,1,US-Central,0.085,4,67,1,0,100,0,0
HIST-01267,DIAGNOSTIC_MONITORING,1,0,US-Central,0.288,2,143,0,0,238,0,0
HIST-01268,SAFETY_TOLERABILITY,2,0,EMEA,0.099,7,64,1,0,285,0,0
HIST-01269,DATA_GAP_EVIDENCE_NEED,2,0,US-West,0.55,2,145,0,1,208,1,0
HIST-01270,GUIDELINES_PRACTICE_PATTERNS,3,0,US-East,0.599,0,134,0,1,161,0,0
HIST-01271,EFFICACY_REAL_WORLD,3,0,APAC,0.573,0,171,-1,0,173,0,0
HIST-01272,COMPETITIVE_LANDSCAPE,2,0,US-East,0.164,1,254,-1,0,225,0,0
HIST-01273,EFFICACY_REAL_WORLD,1,0,US-East,0.06,0,197,1,0,235,1,0
HIST-01274,ACCESS_REIMBURSEMENT,1,0,APAC,0.131,2,90,-1,0,142,1,0
HIST-01275,PATIENT_EXPERIENCE_ADHERENCE,2,0,US-West,0.281,9,96,0,0,388,0,0
HIST-01276,COMPETITIVE_LANDSCAPE,2,1,US-Central,0.243,11,172,1,0,234,0,0
HIST-01277,DIAGNOSTIC_MONITORING,3,0,US-West,0.322,3,151,-1,0,229,0,0
HIST-01278,UNMET_NEED,1,1,APAC,0.74,0,210,0,0,137,0,0
HIST-01279,ACCESS_REIMBURSEMENT,1,1,APAC,0.588,1,75,0,0,160,0,1
HIST-01280,COMPETITIVE_LANDSCAPE,2,0,US-Central,0.542,2,196,0,0,117,1,0
HIST-01281,CLINICAL_TRIAL_EXPERIENCE,1,0,US-East,0.21,4,21,1,0,314,1,0
HIST-01282,GUIDELINES_PRACTICE_PATTERNS,1,0,EMEA,0.444,2,196,-1,1,166,1,0
HIST-01283,DATA_GAP_EVIDENCE_NEED,3,0,EMEA,0.297,6,119,1,0,223,1,0
HIST-01284,CLINICAL_TRIAL_EXPERIENCE,2,0,EMEA,0.449,9,249,0,0,236,1,0
HIST-01285,CLINICAL_TRIAL_EXPERIENCE,2,0,US-West,0.189,7,281,0,0,288,0,0
HIST-01286,DIAGNOSTIC_MONITORING,2,0,EMEA,0.299,1,196,0,0,158,0,0
HIST-01287,PATIENT_SELECTION_POSITIONING,3,0,US-East,0.159,1,122,-1,0,139,1,0
HIST-01288,UNMET_NEED,3,1,EMEA,0.254,3,302,1,0,241,0,0
HIST-01289,DIAGNOSTIC_MONITORING,1,1,US-West,0.309,0,282,-1,0,361,0,1
HIST-01290,PATIENT_SELECTION_POSITIONING,2,0,US-West,0.192,0,350,0,0,160,1,0
HIST-01291,PATIENT_EXPERIENCE_ADHERENCE,3,0,US-West,0.521,3,214,1,1,206,0,0
HIST-01292,DATA_GAP_EVIDENCE_NEED,2,0,US-East,0.549,10,99,-1,0,202,0,1
HIST-01293,DOSING_ADMINISTRATION,1,1,US-West,0.209,4,351,-1,0,157,0,0
HIST-01294,COMPETITIVE_LANDSCAPE,2,0,EMEA,0.43,4,146,-1,0,186,0,0
HIST-01295,PATIENT_SELECTION_POSITIONING,2,0,US-Central,0.105,8,128,-1,0,260,0,0
HIST-01296,GUIDELINES_PRACTICE_PATTERNS,1,1,APAC,0.07,0,269,-1,0,222,1,0
HIST-01297,PATIENT_SELECTION_POSITIONING,2,0,US-East,0.086,1,252,0,0,206,0,0
HIST-01298,PATIENT_SELECTION_POSITIONING,3,1,US-West,0.578,5,291,0,0,168,1,1
HIST-01299,DATA_GAP_EVIDENCE_NEED,2,0,US-Central,0.522,3,231,0,0,157,1,0
HIST-01300,DATA_GAP_EVIDENCE_NEED,3,1,US-Central,0.272,0,177,0,0,277,1,0
HIST-01301,PATIENT_EXPERIENCE_ADHERENCE,2,1,APAC,0.248,3,16,-1,0,156,1,0
HIST-01302,SAFETY_TOLERABILITY,2,0,US-Central,0.054,2,374,0,0,276,0,0
HIST-01303,SAFETY_TOLERABILITY,3,1,US-West,0.181,6,289,1,0,162,0,0
HIST-01304,DIAGNOSTIC_MONITORING,2,1,US-East,0.252,1,95,0,0,206,0,0
HIST-01305,COMPETITIVE_LANDSCAPE,2,1,APAC,0.478,2,399,-1,0,259,1,1
HIST-01306,UNMET_NEED,3,0,EMEA,0.708,0,102,0,0,169,1,0
HIST-01307,DOSING_ADMINISTRATION,2,0,US-East,0.217,0,193,1,0,243,0,0
HIST-01308,SAFETY_TOLERABILITY,3,0,US-East,0.595,8,46,1,0,174,1,1
HIST-01309,UNMET_NEED,2,0,US-West,0.222,1,97,-1,0,183,1,0
HIST-01310,DATA_GAP_EVIDENCE_NEED,1,1,APAC,0.409,7,261,-1,0,203,0,1
HIST-01311,PATIENT_SELECTION_POSITIONING,1,1,APAC,0.12,4,346,0,0,111,0,0
HIST-01312,ACCESS_REIMBURSEMENT,3,1,US-Central,0.056,4,302,0,0,75,0,0
HIST-01313,UNMET_NEED,2,0,US-Central,0.486,2,118,0,0,348,0,0
HIST-01314,DOSING_ADMINISTRATION,2,0,APAC,0.227,7,272,0,0,195,1,0
HIST-01315,PATIENT_EXPERIENCE_ADHERENCE,3,0,US-East,0.263,2,146,-1,0,182,0,0
HIST-01316,SAFETY_TOLERABILITY,1,0,US-West,0.239,7,274,0,0,208,0,1
HIST-01317,DIAGNOSTIC_MONITORING,2,0,EMEA,0.162,2,311,1,0,126,1,0
HIST-01318,COMPETITIVE_LANDSCAPE,3,0,US-West,0.114,1,125,1,1,222,1,0
HIST-01319,DATA_GAP_EVIDENCE_NEED,2,1,US-West,0.145,2,14,-1,0,307,1,0
HIST-01320,GUIDELINES_PRACTICE_PATTERNS,1,0,US-West,0.315,4,220,0,0,296,1,0
HIST-01321,DIAGNOSTIC_MONITORING,3,0,US-Central,0.326,2,369,1,0,281,0,0
HIST-01322,ACCESS_REIMBURSEMENT,3,0,EMEA,0.362,0,161,-1,0,146,1,1
HIST-01323,PATIENT_SELECTION_POSITIONING,3,0,US-Central,0.084,6,100,0,0,229,0,0
HIST-01324,EFFICACY_REAL_WORLD,2,0,EMEA,0.259,6,257,-1,0,114,1,0
HIST-01325,SAFETY_TOLERABILITY,1,1,APAC,0.492,0,294,0,0,185,1,1
HIST-01326,CLINICAL_TRIAL_EXPERIENCE,2,0,US-West,0.429,2,354,-1,0,285,0,1
HIST-01327,DIAGNOSTIC_MONITORING,1,1,APAC,0.295,7,343,0,0,263,0,0
HIST-01328,SAFETY_TOLERABILITY,2,0,APAC,0.294,3,100,0,1,277,0,1
HIST-01329,SAFETY_TOLERABILITY,1,0,APAC,0.289,1,9,0,0,112,0,0
HIST-01330,UNMET_NEED,2,0,APAC,0.371,0,207,-1,0,161,1,1
HIST-01331,DATA_GAP_EVIDENCE_NEED,3,0,APAC,0.278,3,40,0,0,164,1,0
HIST-01332,PATIENT_EXPERIENCE_ADHERENCE,1,0,US-East,0.498,1,359,-1,0,256,1,0
HIST-01333,UNMET_NEED,2,0,EMEA,0.24,11,176,-1,0,253,1,0
HIST-01334,ACCESS_REIMBURSEMENT,1,1,US-Central,0.332,2,103,0,0,175,1,1
HIST-01335,PATIENT_EXPERIENCE_ADHERENCE,2,0,EMEA,0.168,5,272,0,0,335,0,0
HIST-01336,DOSING_ADMINISTRATION,2,0,APAC,0.15,1,172,-1,0,223,1,0
HIST-01337,DOSING_ADMINISTRATION,2,0,US-Central,0.3,2,257,-1,1,242,0,0
HIST-01338,UNMET_NEED,1,1,US-West,0.204,0,133,0,0,157,0,0
HIST-01339,UNMET_NEED,2,1,APAC,0.182,7,188,-1,0,204,0,0
HIST-01340,PATIENT_EXPERIENCE_ADHERENCE,2,0,US-East,0.245,3,391,0,0,291,0,0
HIST-01341,GUIDELINES_PRACTICE_PATTERNS,1,0,US-West,0.41,3,365,-1,0,166,0,0
HIST-01342,COMPETITIVE_LANDSCAPE,2,0,US-East,0.368,1,30,-1,0,272,1,0
HIST-01343,DOSING_ADMINISTRATION,1,1,US-Central,0.17,2,42,-1,0,194,1,1
HIST-01344,DOSING_ADMINISTRATION,3,0,APAC,0.429,9,1,0,1,213,1,1
HIST-01345,EFFICACY_REAL_WORLD,2,0,EMEA,0.284,11,113,-1,0,284,1,1
HIST-01346,SAFETY_TOLERABILITY,2,0,APAC,0.23,3,194,1,1,180,1,0
HIST-01347,DIAGNOSTIC_MONITORING,3,0,US-West,0.178,3,153,-1,0,274,0,0
HIST-01348,EFFICACY_REAL_WORLD,3,0,EMEA,0.688,4,97,1,0,305,0,0
HIST-01349,UNMET_NEED,3,0,US-Central,0.3,8,265,0,0,299,1,0
HIST-01350,DATA_GAP_EVIDENCE_NEED,3,0,APAC,0.264,7,117,-1,0,191,1,0
HIST-01351,DATA_GAP_EVIDENCE_NEED,2,1,US-Central,0.615,8,109,0,0,163,0,0
HIST-01352,SAFETY_TOLERABILITY,2,0,US-East,0.467,1,327,0,0,95,0,0
HIST-01353,UNMET_NEED,2,1,US-Central,0.052,5,354,1,0,278,0,0
HIST-01354,EFFICACY_REAL_WORLD,2,0,APAC,0.429,11,331,-1,0,231,0,0
HIST-01355,PATIENT_EXPERIENCE_ADHERENCE,1,0,US-West,0.287,2,51,0,1,175,1,0
HIST-01356,SAFETY_TOLERABILITY,2,0,US-Central,0.169,3,5,0,0,249,0,1
HIST-01357,EFFICACY_REAL_WORLD,2,0,EMEA,0.373,2,251,0,0,184,1,0
HIST-01358,COMPETITIVE_LANDSCAPE,2,0,APAC,0.394,2,53,1,0,108,0,0
HIST-01359,PATIENT_SELECTION_POSITIONING,2,0,EMEA,0.575,0,259,-1,0,211,0,0
HIST-01360,SAFETY_TOLERABILITY,2,0,US-East,0.197,5,185,1,0,153,0,0
HIST-01361,GUIDELINES_PRACTICE_PATTERNS,1,0,US-West,0.056,0,135,-1,1,142,0,0
HIST-01362,EFFICACY_REAL_WORLD,2,0,US-West,0.208,10,310,0,0,213,1,0
HIST-01363,DOSING_ADMINISTRATION,3,0,US-West,0.081,1,49,0,0,130,1,0
HIST-01364,COMPETITIVE_LANDSCAPE,1,1,US-East,0.255,4,358,-1,0,215,0,0
HIST-01365,DATA_GAP_EVIDENCE_NEED,3,0,US-Central,0.197,6,221,-1,0,276,1,1
HIST-01366,DIAGNOSTIC_MONITORING,2,1,EMEA,0.29,4,181,-1,0,148,1,1
HIST-01367,DATA_GAP_EVIDENCE_NEED,2,0,EMEA,0.259,1,199,-1,0,250,1,0
HIST-01368,COMPETITIVE_LANDSCAPE,2,1,US-East,0.278,11,93,0,0,316,0,0
HIST-01369,DIAGNOSTIC_MONITORING,2,1,EMEA,0.355,0,126,1,0,179,0,0
HIST-01370,DATA_GAP_EVIDENCE_NEED,2,0,US-Central,0.337,0,45,0,0,182,0,0
HIST-01371,SAFETY_TOLERABILITY,2,0,EMEA,0.577,0,331,0,0,182,0,0
HIST-01372,GUIDELINES_PRACTICE_PATTERNS,3,0,US-Central,0.265,0,237,-1,0,224,1,0
HIST-01373,GUIDELINES_PRACTICE_PATTERNS,2,0,US-West,0.283,4,378,-1,0,153,1,1
HIST-01374,GUIDELINES_PRACTICE_PATTERNS,2,0,US-West,0.28,3,373,-1,0,147,1,0
HIST-01375,PATIENT_SELECTION_POSITIONING,3,0,US-Central,0.262,3,350,-1,0,266,1,0
HIST-01376,UNMET_NEED,2,1,US-Central,0.401,0,397,0,0,188,1,0
HIST-01377,DATA_GAP_EVIDENCE_NEED,2,0,EMEA,0.305,4,98,1,0,178,0,0
HIST-01378,ACCESS_REIMBURSEMENT,2,0,US-Central,0.23,4,5,-1,0,122,1,0
HIST-01379,DOSING_ADMINISTRATION,2,0,EMEA,0.189,2,286,1,0,193,0,0
HIST-01380,CLINICAL_TRIAL_EXPERIENCE,2,0,US-Central,0.586,4,187,1,0,174,0,0
HIST-01381,DOSING_ADMINISTRATION,1,0,EMEA,0.545,10,85,-1,0,240,1,0
HIST-01382,PATIENT_SELECTION_POSITIONING,3,0,US-East,0.106,4,370,-1,0,260,1,0
HIST-01383,SAFETY_TOLERABILITY,1,0,APAC,0.252,0,62,1,0,378,1,1
HIST-01384,CLINICAL_TRIAL_EXPERIENCE,1,0,US-East,0.042,2,190,-1,0,185,0,0
HIST-01385,UNMET_NEED,2,1,EMEA,0.442,3,134,1,0,187,1,0
HIST-01386,SAFETY_TOLERABILITY,2,0,EMEA,0.365,1,335,-1,0,110,1,0
HIST-01387,PATIENT_EXPERIENCE_ADHERENCE,1,1,APAC,0.206,0,348,0,1,200,0,1
HIST-01388,DIAGNOSTIC_MONITORING,3,0,EMEA,0.173,1,109,0,0,132,0,0
HIST-01389,COMPETITIVE_LANDSCAPE,2,0,US-West,0.456,2,235,1,0,287,0,0
HIST-01390,GUIDELINES_PRACTICE_PATTERNS,3,0,EMEA,0.038,4,114,0,0,204,1,0
HIST-01391,DIAGNOSTIC_MONITORING,2,0,EMEA,0.452,8,344,-1,0,125,1,0
HIST-01392,EFFICACY_REAL_WORLD,2,0,US-Central,0.232,6,394,1,0,38,0,0
HIST-01393,DOSING_ADMINISTRATION,1,0,US-East,0.228,10,147,0,0,201,1,0
HIST-01394,DATA_GAP_EVIDENCE_NEED,2,0,US-East,0.15,0,190,0,1,217,0,0
HIST-01395,SAFETY_TOLERABILITY,1,0,US-East,0.29,2,95,-1,0,188,1,0
HIST-01396,DATA_GAP_EVIDENCE_NEED,2,1,US-Central,0.198,4,147,-1,0,194,0,0
HIST-01397,PATIENT_SELECTION_POSITIONING,2,1,US-Central,0.527,0,246,0,0,250,1,0
HIST-01398,DIAGNOSTIC_MONITORING,3,0,US-Central,0.04,1,203,0,0,263,0,0
HIST-01399,COMPETITIVE_LANDSCAPE,3,0,APAC,0.778,0,173,1,0,226,0,0
HIST-01400,EFFICACY_REAL_WORLD,2,0,US-East,0.431,2,123,1,0,170,1,0
HIST-01401,CLINICAL_TRIAL_EXPERIENCE,1,1,US-Central,0.194,3,242,-1,0,188,1,0
HIST-01402,SAFETY_TOLERABILITY,3,0,US-East,0.251,3,380,1,1,285,1,0
HIST-01403,DIAGNOSTIC_MONITORING,1,1,EMEA,0.221,1,148,0,0,181,0,0
HIST-01404,DATA_GAP_EVIDENCE_NEED,2,0,US-Central,0.202,0,215,0,0,205,1,1
HIST-01405,DOSING_ADMINISTRATION,3,0,US-East,0.604,2,187,-1,1,42,0,0
HIST-01406,PATIENT_SELECTION_POSITIONING,1,1,EMEA,0.286,0,152,0,0,83,1,0
HIST-01407,COMPETITIVE_LANDSCAPE,2,0,EMEA,0.339,6,201,0,0,101,1,0
HIST-01408,DATA_GAP_EVIDENCE_NEED,2,0,APAC,0.415,5,238,0,0,236,0,0
HIST-01409,DATA_GAP_EVIDENCE_NEED,3,1,US-Central,0.275,1,90,1,0,198,1,0
HIST-01410,CLINICAL_TRIAL_EXPERIENCE,2,0,EMEA,0.251,3,116,0,0,246,0,0
HIST-01411,PATIENT_EXPERIENCE_ADHERENCE,2,0,EMEA,0.255,0,164,0,0,289,0,0
HIST-01412,DATA_GAP_EVIDENCE_NEED,2,1,US-East,0.389,1,38,-1,0,125,0,0
HIST-01413,GUIDELINES_PRACTICE_PATTERNS,3,0,US-Central,0.368,0,293,0,0,147,1,0
HIST-01414,GUIDELINES_PRACTICE_PATTERNS,3,0,EMEA,0.293,3,69,0,0,244,1,0
HIST-01415,COMPETITIVE_LANDSCAPE,3,0,US-East,0.155,7,145,-1,0,163,0,0
HIST-01416,PATIENT_EXPERIENCE_ADHERENCE,3,0,US-East,0.514,1,356,0,0,230,0,0
HIST-01417,DOSING_ADMINISTRATION,2,0,US-Central,0.317,10,336,0,0,246,0,0
HIST-01418,UNMET_NEED,2,0,EMEA,0.348,1,175,1,0,263,0,0
HIST-01419,DOSING_ADMINISTRATION,2,0,APAC,0.084,1,204,-1,0,347,0,0
HIST-01420,PATIENT_SELECTION_POSITIONING,2,1,US-West,0.067,1,336,-1,0,50,1,0
HIST-01421,UNMET_NEED,3,0,US-East,0.494,9,21,1,0,22,0,0
HIST-01422,GUIDELINES_PRACTICE_PATTERNS,2,0,APAC,0.344,2,335,1,0,230,1,0
HIST-01423,COMPETITIVE_LANDSCAPE,2,0,US-Central,0.277,1,208,1,0,202,0,0
HIST-01424,CLINICAL_TRIAL_EXPERIENCE,2,0,US-East,0.305,6,278,0,0,314,1,0
HIST-01425,COMPETITIVE_LANDSCAPE,2,1,US-East,0.53,1,291,-1,0,221,0,0
HIST-01426,EFFICACY_REAL_WORLD,3,0,APAC,0.281,0,8,-1,1,323,0,0
HIST-01427,DOSING_ADMINISTRATION,3,0,US-Central,0.233,0,11,0,0,238,0,0
HIST-01428,DOSING_ADMINISTRATION,2,0,US-Central,0.071,0,357,-1,1,52,1,0
HIST-01429,COMPETITIVE_LANDSCAPE,2,0,US-West,0.244,1,242,0,0,269,1,0
HIST-01430,PATIENT_SELECTION_POSITIONING,1,1,US-West,0.318,8,383,0,0,313,1,1
HIST-01431,COMPETITIVE_LANDSCAPE,3,0,US-East,0.264,5,67,1,0,232,0,0
HIST-01432,SAFETY_TOLERABILITY,1,1,US-East,0.249,3,389,0,0,294,0,0
HIST-01433,EFFICACY_REAL_WORLD,2,0,US-West,0.162,2,307,0,0,284,0,0
HIST-01434,UNMET_NEED,1,1,EMEA,0.224,4,230,-1,0,200,0,0
HIST-01435,PATIENT_EXPERIENCE_ADHERENCE,2,1,US-East,0.252,6,168,0,0,147,0,0
HIST-01436,PATIENT_EXPERIENCE_ADHERENCE,2,0,EMEA,0.038,0,374,0,0,168,0,0
HIST-01437,PATIENT_SELECTION_POSITIONING,1,0,APAC,0.26,6,368,1,0,219,1,0
HIST-01438,UNMET_NEED,3,0,US-West,0.037,2,285,1,1,183,1,0
HIST-01439,EFFICACY_REAL_WORLD,1,0,APAC,0.395,3,259,0,0,123,1,0
HIST-01440,COMPETITIVE_LANDSCAPE,1,0,US-East,0.41,10,276,-1,0,234,0,0
HIST-01441,DOSING_ADMINISTRATION,3,0,EMEA,0.234,7,127,-1,0,115,0,0
HIST-01442,COMPETITIVE_LANDSCAPE,1,1,US-West,0.505,3,322,1,1,138,1,1
HIST-01443,DIAGNOSTIC_MONITORING,3,0,US-West,0.189,0,123,-1,0,75,1,0
HIST-01444,DOSING_ADMINISTRATION,3,0,EMEA,0.279,3,287,-1,0,211,0,0
HIST-01445,EFFICACY_REAL_WORLD,2,0,APAC,0.144,1,393,0,0,105,0,1
HIST-01446,COMPETITIVE_LANDSCAPE,2,0,US-West,0.381,4,297,-1,0,256,0,0
HIST-01447,CLINICAL_TRIAL_EXPERIENCE,2,0,US-East,0.699,7,342,-1,0,164,0,1
HIST-01448,DATA_GAP_EVIDENCE_NEED,2,0,US-Central,0.381,3,353,-1,0,209,1,0
HIST-01449,SAFETY_TOLERABILITY,3,1,US-West,0.588,5,83,-1,0,53,1,1
HIST-01450,CLINICAL_TRIAL_EXPERIENCE,3,0,US-Central,0.257,2,126,0,0,200,0,0
HIST-01451,COMPETITIVE_LANDSCAPE,3,1,US-Central,0.208,1,110,0,1,218,1,0
HIST-01452,EFFICACY_REAL_WORLD,2,0,US-West,0.22,0,218,-1,0,408,1,0
HIST-01453,DATA_GAP_EVIDENCE_NEED,2,1,APAC,0.147,5,298,-1,0,54,0,0
HIST-01454,DATA_GAP_EVIDENCE_NEED,1,0,US-East,0.3,0,315,-1,1,248,0,1
HIST-01455,PATIENT_EXPERIENCE_ADHERENCE,3,0,EMEA,0.313,1,214,1,0,147,1,0
HIST-01456,EFFICACY_REAL_WORLD,2,0,US-East,0.194,4,348,0,0,168,0,0
HIST-01457,DATA_GAP_EVIDENCE_NEED,3,1,EMEA,0.5,0,101,-1,1,257,1,0
HIST-01458,CLINICAL_TRIAL_EXPERIENCE,1,1,US-Central,0.218,6,328,0,0,251,0,0
HIST-01459,PATIENT_EXPERIENCE_ADHERENCE,3,1,APAC,0.157,2,13,0,0,138,1,0
HIST-01460,DOSING_ADMINISTRATION,1,1,US-Central,0.159,6,385,-1,0,228,1,0
HIST-01461,COMPETITIVE_LANDSCAPE,1,1,US-West,0.082,7,234,-1,0,203,0,0
HIST-01462,SAFETY_TOLERABILITY,1,0,EMEA,0.178,4,156,-1,0,235,0,0
HIST-01463,DIAGNOSTIC_MONITORING,3,0,US-West,0.477,10,96,-1,0,145,1,1
HIST-01464,DOSING_ADMINISTRATION,1,0,APAC,0.056,1,55,1,0,183,1,0
HIST-01465,PATIENT_EXPERIENCE_ADHERENCE,2,0,APAC,0.533,5,25,0,0,240,1,1
HIST-01466,DIAGNOSTIC_MONITORING,2,0,US-Central,0.614,4,230,1,0,193,1,1
HIST-01467,DIAGNOSTIC_MONITORING,2,0,APAC,0.066,0,216,0,0,143,0,0
HIST-01468,DATA_GAP_EVIDENCE_NEED,2,0,APAC,0.324,0,369,-1,0,163,0,0
HIST-01469,DATA_GAP_EVIDENCE_NEED,2,0,EMEA,0.148,1,288,0,1,231,0,0
HIST-01470,COMPETITIVE_LANDSCAPE,1,1,EMEA,0.344,3,196,0,0,284,0,0
HIST-01471,DIAGNOSTIC_MONITORING,2,0,US-East,0.005,6,76,1,0,135,0,0
HIST-01472,EFFICACY_REAL_WORLD,3,0,US-Central,0.305,2,281,0,0,168,0,0
HIST-01473,PATIENT_EXPERIENCE_ADHERENCE,3,0,US-Central,0.376,5,243,1,0,208,0,0
HIST-01474,EFFICACY_REAL_WORLD,1,0,US-East,0.164,2,279,0,0,228,0,0
HIST-01475,DATA_GAP_EVIDENCE_NEED,1,1,US-East,0.229,5,185,0,1,87,1,0
HIST-01476,PATIENT_EXPERIENCE_ADHERENCE,2,0,US-West,0.472,0,308,0,0,130,1,0
HIST-01477,DIAGNOSTIC_MONITORING,2,0,APAC,0.075,6,329,-1,0,136,0,0
HIST-01478,DOSING_ADMINISTRATION,2,0,US-Central,0.558,4,70,-1,1,227,1,1
HIST-01479,GUIDELINES_PRACTICE_PATTERNS,2,0,APAC,0.146,0,272,1,0,252,0,0
HIST-01480,UNMET_NEED,3,1,EMEA,0.649,6,286,0,0,281,1,1
HIST-01481,UNMET_NEED,2,0,EMEA,0.157,2,15,0,0,130,1,0
HIST-01482,CLINICAL_TRIAL_EXPERIENCE,2,0,EMEA,0.682,5,66,1,0,139,0,1
HIST-01483,CLINICAL_TRIAL_EXPERIENCE,2,0,APAC,0.286,7,220,-1,0,76,1,1
HIST-01484,ACCESS_REIMBURSEMENT,1,0,US-Central,0.244,1,186,0,0,92,0,0
HIST-01485,DOSING_ADMINISTRATION,1,1,US-East,0.179,6,244,-1,0,238,0,1
HIST-01486,SAFETY_TOLERABILITY,1,0,EMEA,0.37,3,218,-1,0,146,1,0
HIST-01487,PATIENT_EXPERIENCE_ADHERENCE,2,0,APAC,0.189,6,246,-1,0,121,1,0
HIST-01488,UNMET_NEED,3,1,US-East,0.168,6,297,0,0,120,1,0
HIST-01489,ACCESS_REIMBURSEMENT,1,1,US-West,0.269,0,44,1,0,360,0,0
HIST-01490,PATIENT_SELECTION_POSITIONING,3,0,US-East,0.411,4,320,1,0,356,1,0
HIST-01491,DIAGNOSTIC_MONITORING,1,1,US-East,0.328,11,105,-1,0,160,0,1
HIST-01492,PATIENT_SELECTION_POSITIONING,2,1,US-East,0.225,7,168,-1,0,343,1,1
HIST-01493,PATIENT_EXPERIENCE_ADHERENCE,2,0,US-East,0.389,7,45,-1,1,179,0,1
HIST-01494,DOSING_ADMINISTRATION,1,1,US-East,0.362,1,181,-1,0,158,0,1
HIST-01495,DATA_GAP_EVIDENCE_NEED,2,0,EMEA,0.354,1,14,-1,0,268,0,1
HIST-01496,CLINICAL_TRIAL_EXPERIENCE,2,0,US-East,0.43,3,193,-1,0,246,0,0
HIST-01497,SAFETY_TOLERABILITY,3,1,US-West,0.459,5,281,-1,0,221,0,0
HIST-01498,PATIENT_SELECTION_POSITIONING,3,0,US-East,0.406,4,380,0,0,160,0,0
HIST-01499,DIAGNOSTIC_MONITORING,2,0,US-West,0.231,7,357,0,0,149,0,0
HIST-01500,GUIDELINES_PRACTICE_PATTERNS,2,0,APAC,0.529,5,184,1,0,246,0,0
HIST-01501,DATA_GAP_EVIDENCE_NEED,2,0,US-West,0.277,4,303,0,0,161,0,0
HIST-01502,UNMET_NEED,3,0,APAC,0.07,5,21,0,0,202,0,0
HIST-01503,DOSING_ADMINISTRATION,1,1,APAC,0.259,1,273,-1,0,150,0,0
HIST-01504,DOSING_ADMINISTRATION,1,1,US-Central,0.132,1,92,-1,0,131,1,1
HIST-01505,DATA_GAP_EVIDENCE_NEED,2,0,US-Central,0.359,2,238,1,0,43,1,0
HIST-01506,CLINICAL_TRIAL_EXPERIENCE,1,1,US-Central,0.203,9,257,0,0,162,1,0
HIST-01507,UNMET_NEED,1,1,EMEA,0.219,0,38,-1,0,169,0,0
HIST-01508,DOSING_ADMINISTRATION,3,1,US-Central,0.187,1,39,-1,0,273,0,0
HIST-01509,CLINICAL_TRIAL_EXPERIENCE,3,0,US-East,0.526,7,239,0,0,177,0,1
HIST-01510,CLINICAL_TRIAL_EXPERIENCE,2,0,APAC,0.188,0,390,0,0,219,0,0
HIST-01511,COMPETITIVE_LANDSCAPE,2,0,US-East,0.263,1,322,0,0,163,0,0
HIST-01512,CLINICAL_TRIAL_EXPERIENCE,2,0,US-Central,0.458,2,219,0,0,61,1,0
HIST-01513,EFFICACY_REAL_WORLD,1,0,US-West,0.332,5,59,0,0,261,1,1
HIST-01514,ACCESS_REIMBURSEMENT,2,0,US-East,0.253,0,170,0,0,304,0,0
HIST-01515,SAFETY_TOLERABILITY,2,1,US-West,0.064,0,113,1,0,257,1,0
HIST-01516,COMPETITIVE_LANDSCAPE,3,0,US-East,0.214,5,112,-1,0,228,1,0
HIST-01517,DOSING_ADMINISTRATION,2,1,US-Central,0.506,5,307,1,0,131,0,0
HIST-01518,UNMET_NEED,1,1,US-West,0.244,0,64,0,0,149,0,0
HIST-01519,GUIDELINES_PRACTICE_PATTERNS,2,0,US-East,0.361,1,102,-1,0,333,1,0
HIST-01520,ACCESS_REIMBURSEMENT,3,0,US-West,0.139,6,75,0,0,174,1,1
HIST-01521,SAFETY_TOLERABILITY,2,0,US-Central,0.154,3,347,-1,0,118,1,0
HIST-01522,SAFETY_TOLERABILITY,3,0,US-East,0.395,0,55,0,0,275,0,0
HIST-01523,COMPETITIVE_LANDSCAPE,2,0,US-West,0.243,0,207,1,0,204,0,0
HIST-01524,UNMET_NEED,3,1,US-West,0.345,0,84,1,0,161,0,0
HIST-01525,PATIENT_SELECTION_POSITIONING,2,1,US-Central,0.219,3,74,1,0,236,0,0
HIST-01526,EFFICACY_REAL_WORLD,2,0,EMEA,0.314,1,170,1,0,339,0,1
HIST-01527,CLINICAL_TRIAL_EXPERIENCE,2,0,US-East,0.416,1,33,0,1,339,0,0
HIST-01528,CLINICAL_TRIAL_EXPERIENCE,3,0,EMEA,0.107,3,141,0,0,270,0,0
HIST-01529,SAFETY_TOLERABILITY,2,0,US-Central,0.588,5,397,1,0,179,1,0
HIST-01530,ACCESS_REIMBURSEMENT,2,0,US-West,0.272,0,159,0,0,135,0,0
HIST-01531,SAFETY_TOLERABILITY,3,0,US-West,0.342,4,42,-1,0,186,0,1
HIST-01532,CLINICAL_TRIAL_EXPERIENCE,2,0,US-Central,0.2,0,158,0,1,268,0,0
HIST-01533,DATA_GAP_EVIDENCE_NEED,1,0,US-West,0.034,1,92,-1,1,296,0,1
HIST-01534,CLINICAL_TRIAL_EXPERIENCE,2,0,EMEA,0.082,3,275,-1,0,242,0,1
HIST-01535,COMPETITIVE_LANDSCAPE,1,0,EMEA,0.398,8,28,-1,0,165,1,1
HIST-01536,DATA_GAP_EVIDENCE_NEED,2,1,US-Central,0.012,1,393,-1,0,160,1,0
HIST-01537,SAFETY_TOLERABILITY,3,1,APAC,0.246,3,275,0,0,162,1,0
HIST-01538,PATIENT_EXPERIENCE_ADHERENCE,2,0,APAC,0.255,4,9,1,0,179,1,0
HIST-01539,SAFETY_TOLERABILITY,2,0,US-West,0.383,0,51,0,1,157,0,0
HIST-01540,DIAGNOSTIC_MONITORING,3,0,US-East,0.19,7,154,0,0,242,0,0
HIST-01541,COMPETITIVE_LANDSCAPE,3,1,US-East,0.319,8,25,0,0,286,1,0
HIST-01542,DOSING_ADMINISTRATION,3,0,US-East,0.149,5,215,0,0,299,1,0
HIST-01543,PATIENT_SELECTION_POSITIONING,2,0,US-Central,0.611,1,169,0,0,54,0,0
HIST-01544,UNMET_NEED,1,1,US-East,0.301,1,394,-1,0,230,1,1
HIST-01545,UNMET_NEED,1,1,US-East,0.18,2,278,1,0,173,0,0
HIST-01546,UNMET_NEED,1,1,US-Central,0.314,3,350,-1,0,244,0,0
HIST-01547,DATA_GAP_EVIDENCE_NEED,2,0,US-West,0.031,3,242,0,1,270,1,0
HIST-01548,PATIENT_SELECTION_POSITIONING,1,0,US-East,0.131,9,182,0,0,279,0,0
HIST-01549,PATIENT_EXPERIENCE_ADHERENCE,3,0,APAC,0.331,4,381,1,0,229,1,0
HIST-01550,ACCESS_REIMBURSEMENT,3,0,US-East,0.16,4,397,0,0,228,0,0
HIST-01551,DATA_GAP_EVIDENCE_NEED,1,1,APAC,0.208,8,115,0,1,128,1,1
HIST-01552,DIAGNOSTIC_MONITORING,2,0,US-Central,0.413,1,328,0,0,165,1,0
HIST-01553,SAFETY_TOLERABILITY,2,1,EMEA,0.516,0,109,-1,0,307,0,0
HIST-01554,PATIENT_SELECTION_POSITIONING,2,0,EMEA,0.256,9,123,-1,0,397,1,0
HIST-01555,ACCESS_REIMBURSEMENT,1,1,US-Central,0.301,1,106,-1,1,227,0,1
HIST-01556,ACCESS_REIMBURSEMENT,2,0,APAC,0.238,1,319,1,0,249,0,0
HIST-01557,PATIENT_EXPERIENCE_ADHERENCE,3,0,EMEA,0.616,10,275,0,1,136,1,0
HIST-01558,CLINICAL_TRIAL_EXPERIENCE,1,1,US-Central,0.301,4,190,-1,0,139,1,0
HIST-01559,UNMET_NEED,3,0,US-Central,0.342,7,282,-1,0,215,0,0
HIST-01560,DOSING_ADMINISTRATION,2,0,EMEA,0.358,3,175,-1,1,347,0,0
HIST-01561,DOSING_ADMINISTRATION,1,1,US-West,0.434,2,125,-1,0,200,1,1
HIST-01562,EFFICACY_REAL_WORLD,2,0,US-East,0.2,7,106,-1,0,274,0,0
HIST-01563,DATA_GAP_EVIDENCE_NEED,2,0,APAC,0.339,5,277,0,1,343,1,0
HIST-01564,DATA_GAP_EVIDENCE_NEED,2,1,US-West,0.297,3,265,0,0,226,1,1
HIST-01565,DATA_GAP_EVIDENCE_NEED,2,0,US-Central,0.186,4,293,0,0,186,1,0
HIST-01566,UNMET_NEED,3,0,EMEA,0.306,7,147,0,0,243,1,0
HIST-01567,DOSING_ADMINISTRATION,3,0,EMEA,0.537,6,156,0,0,93,1,1
HIST-01568,DOSING_ADMINISTRATION,3,0,APAC,0.15,0,314,0,0,294,1,1
HIST-01569,COMPETITIVE_LANDSCAPE,1,1,APAC,0.357,0,296,-1,0,175,1,0
HIST-01570,COMPETITIVE_LANDSCAPE,2,0,EMEA,0.409,0,32,0,0,240,1,0
HIST-01571,DIAGNOSTIC_MONITORING,1,0,US-West,0.673,6,8,0,0,193,0,0
HIST-01572,EFFICACY_REAL_WORLD,2,0,US-West,0.13,5,35,-1,0,66,0,0
HIST-01573,PATIENT_EXPERIENCE_ADHERENCE,1,0,APAC,0.28,0,112,-1,0,280,0,0
HIST-01574,SAFETY_TOLERABILITY,1,0,US-East,0.191,5,218,0,0,188,0,0
HIST-01575,PATIENT_SELECTION_POSITIONING,2,1,EMEA,0.1,0,303,-1,0,153,1,0
HIST-01576,CLINICAL_TRIAL_EXPERIENCE,3,0,US-East,0.066,1,378,-1,0,136,1,0
HIST-01577,DOSING_ADMINISTRATION,2,1,EMEA,0.16,1,317,-1,0,236,1,0
HIST-01578,UNMET_NEED,2,0,US-West,0.164,5,284,0,0,266,0,0
HIST-01579,DIAGNOSTIC_MONITORING,3,1,US-East,0.201,9,257,0,0,117,1,0
HIST-01580,PATIENT_EXPERIENCE_ADHERENCE,3,1,EMEA,0.601,2,118,0,0,169,1,0
HIST-01581,UNMET_NEED,3,0,US-East,0.371,1,255,0,0,199,0,0
HIST-01582,DOSING_ADMINISTRATION,2,0,US-Central,0.233,1,297,0,0,323,0,0
HIST-01583,PATIENT_EXPERIENCE_ADHERENCE,3,0,EMEA,0.461,4,176,0,0,320,1,0
HIST-01584,ACCESS_REIMBURSEMENT,3,0,APAC,0.177,10,123,0,0,39,1,0
HIST-01585,GUIDELINES_PRACTICE_PATTERNS,3,0,US-East,0.352,0,99,0,1,198,0,0
HIST-01586,EFFICACY_REAL_WORLD,2,0,APAC,0.066,1,375,-1,0,117,0,0
HIST-01587,PATIENT_EXPERIENCE_ADHERENCE,2,0,US-West,0.466,0,281,0,0,240,0,0
HIST-01588,ACCESS_REIMBURSEMENT,2,1,US-West,0.342,1,182,1,0,231,1,0
HIST-01589,DOSING_ADMINISTRATION,3,1,US-East,0.493,0,326,0,0,375,0,0
HIST-01590,ACCESS_REIMBURSEMENT,1,1,APAC,0.125,8,236,0,1,187,0,1
HIST-01591,GUIDELINES_PRACTICE_PATTERNS,1,0,US-Central,0.164,1,59,0,0,253,1,1
HIST-01592,DATA_GAP_EVIDENCE_NEED,3,0,US-East,0.22,6,20,0,0,161,1,1
HIST-01593,COMPETITIVE_LANDSCAPE,2,0,US-West,0.127,2,119,0,0,96,0,0
HIST-01594,UNMET_NEED,2,0,APAC,0.093,3,7,-1,0,142,1,0
HIST-01595,CLINICAL_TRIAL_EXPERIENCE,2,0,US-West,0.101,0,4,-1,0,218,1,0
HIST-01596,SAFETY_TOLERABILITY,3,1,US-Central,0.157,2,200,0,0,136,1,0
HIST-01597,CLINICAL_TRIAL_EXPERIENCE,1,0,US-West,0.241,8,370,0,0,185,0,0
HIST-01598,DOSING_ADMINISTRATION,3,0,APAC,0.368,3,204,-1,0,168,1,1
HIST-01599,EFFICACY_REAL_WORLD,2,0,EMEA,0.222,3,397,1,0,260,1,0
HIST-01600,ACCESS_REIMBURSEMENT,2,0,US-East,0.231,5,114,1,0,216,1,0
HIST-01601,DIAGNOSTIC_MONITORING,2,0,US-Central,0.335,3,66,0,0,259,1,0
HIST-01602,ACCESS_REIMBURSEMENT,3,0,APAC,0.711,3,377,0,0,126,1,1
HIST-01603,GUIDELINES_PRACTICE_PATTERNS,2,0,EMEA,0.232,9,337,1,0,190,0,0
HIST-01604,DOSING_ADMINISTRATION,2,0,US-Central,0.157,0,217,-1,0,214,1,0
HIST-01605,SAFETY_TOLERABILITY,2,0,US-Central,0.298,1,308,0,0,283,0,0
HIST-01606,ACCESS_REIMBURSEMENT,2,0,US-East,0.14,7,278,-1,0,303,0,0
HIST-01607,EFFICACY_REAL_WORLD,3,0,US-East,0.316,6,144,-1,0,180,0,0
HIST-01608,COMPETITIVE_LANDSCAPE,3,0,US-West,0.642,10,17,1,0,260,0,0
HIST-01609,UNMET_NEED,3,0,US-East,0.125,4,90,-1,0,162,1,0
HIST-01610,EFFICACY_REAL_WORLD,1,1,EMEA,0.623,3,83,-1,0,111,1,0
HIST-01611,PATIENT_EXPERIENCE_ADHERENCE,2,1,US-West,0.154,1,254,-1,0,173,1,0
HIST-01612,PATIENT_SELECTION_POSITIONING,3,0,US-West,0.007,5,282,0,0,340,1,0
HIST-01613,ACCESS_REIMBURSEMENT,2,1,US-East,0.134,4,265,-1,0,203,1,1
HIST-01614,DIAGNOSTIC_MONITORING,2,0,APAC,0.42,2,149,1,0,88,0,0
HIST-01615,DIAGNOSTIC_MONITORING,1,1,US-East,0.264,3,327,0,1,229,1,0
HIST-01616,PATIENT_EXPERIENCE_ADHERENCE,3,1,APAC,0.374,10,351,-1,0,200,0,0
HIST-01617,EFFICACY_REAL_WORLD,2,0,US-East,0.21,0,227,0,0,226,1,0
HIST-01618,PATIENT_SELECTION_POSITIONING,2,0,US-Central,0.186,10,145,-1,0,107,0,0
HIST-01619,ACCESS_REIMBURSEMENT,1,1,US-East,0.123,1,216,0,0,165,0,0
HIST-01620,CLINICAL_TRIAL_EXPERIENCE,2,0,US-East,0.526,2,308,0,0,200,0,0
HIST-01621,UNMET_NEED,2,0,US-East,0.452,10,228,1,0,135,1,0
HIST-01622,CLINICAL_TRIAL_EXPERIENCE,2,0,EMEA,0.296,3,242,1,0,271,0,0
HIST-01623,UNMET_NEED,3,0,APAC,0.392,1,268,-1,0,203,1,0
HIST-01624,CLINICAL_TRIAL_EXPERIENCE,2,1,US-West,0.204,3,197,-1,0,118,0,1
HIST-01625,PATIENT_EXPERIENCE_ADHERENCE,1,1,US-East,0.489,5,22,1,0,39,0,1
HIST-01626,ACCESS_REIMBURSEMENT,2,0,EMEA,0.035,8,306,1,0,156,1,1
HIST-01627,COMPETITIVE_LANDSCAPE,3,0,APAC,0.282,8,142,0,0,158,0,1
HIST-01628,DIAGNOSTIC_MONITORING,2,0,US-East,0.062,3,340,-1,0,99,1,1
HIST-01629,ACCESS_REIMBURSEMENT,3,0,US-West,0.738,1,14,-1,0,325,1,0
HIST-01630,EFFICACY_REAL_WORLD,1,1,APAC,0.424,5,117,-1,0,146,0,0
HIST-01631,EFFICACY_REAL_WORLD,3,0,US-West,0.116,0,131,0,0,170,1,0
HIST-01632,UNMET_NEED,2,0,US-East,0.14,0,70,-1,0,256,0,0
HIST-01633,DOSING_ADMINISTRATION,2,0,US-East,0.464,3,357,-1,0,97,0,0
HIST-01634,CLINICAL_TRIAL_EXPERIENCE,2,1,APAC,0.285,4,356,-1,0,160,1,0
HIST-01635,EFFICACY_REAL_WORLD,2,0,APAC,0.421,5,389,0,0,171,1,0
HIST-01636,DOSING_ADMINISTRATION,2,0,US-West,0.231,0,319,-1,0,312,1,0
HIST-01637,DIAGNOSTIC_MONITORING,2,0,EMEA,0.09,4,178,-1,0,216,1,0
HIST-01638,EFFICACY_REAL_WORLD,2,0,EMEA,0.294,3,206,1,0,300,0,1
HIST-01639,UNMET_NEED,2,1,APAC,0.328,1,162,-1,0,169,0,0
HIST-01640,PATIENT_SELECTION_POSITIONING,1,1,APAC,0.284,0,228,-1,0,225,0,0
HIST-01641,ACCESS_REIMBURSEMENT,3,0,EMEA,0.436,0,204,0,0,146,0,0
HIST-01642,EFFICACY_REAL_WORLD,3,0,US-West,0.365,4,379,0,0,201,0,0
HIST-01643,SAFETY_TOLERABILITY,2,0,US-East,0.309,0,40,-1,0,158,1,0
HIST-01644,PATIENT_SELECTION_POSITIONING,3,1,US-East,0.47,3,138,-1,0,223,1,0
HIST-01645,PATIENT_SELECTION_POSITIONING,3,1,US-Central,0.735,1,123,0,0,224,1,0
HIST-01646,ACCESS_REIMBURSEMENT,1,0,APAC,0.102,2,330,1,0,168,0,0
HIST-01647,COMPETITIVE_LANDSCAPE,2,0,US-Central,0.103,1,73,-1,0,158,1,0
HIST-01648,UNMET_NEED,2,1,US-West,0.281,8,123,0,0,91,1,0
HIST-01649,DATA_GAP_EVIDENCE_NEED,1,0,US-Central,0.176,3,365,0,0,204,1,0
HIST-01650,CLINICAL_TRIAL_EXPERIENCE,2,0,EMEA,0.26,4,358,-1,0,444,1,1
HIST-01651,PATIENT_SELECTION_POSITIONING,1,1,US-Central,0.332,3,4,-1,0,337,0,0
HIST-01652,CLINICAL_TRIAL_EXPERIENCE,3,0,EMEA,0.34,6,323,0,0,287,1,0
HIST-01653,DOSING_ADMINISTRATION,2,0,APAC,0.194,0,356,0,0,215,1,0
HIST-01654,DIAGNOSTIC_MONITORING,2,0,EMEA,0.242,3,116,-1,0,101,0,0
HIST-01655,EFFICACY_REAL_WORLD,2,0,US-East,0.179,1,318,0,0,185,0,0
HIST-01656,COMPETITIVE_LANDSCAPE,3,0,EMEA,0.173,3,110,0,0,187,0,0
HIST-01657,CLINICAL_TRIAL_EXPERIENCE,3,0,APAC,0.311,4,51,0,0,309,0,0
HIST-01658,SAFETY_TOLERABILITY,2,1,US-East,0.346,5,244,-1,0,331,1,0
HIST-01659,GUIDELINES_PRACTICE_PATTERNS,3,1,APAC,0.311,2,112,0,0,180,0,0
HIST-01660,COMPETITIVE_LANDSCAPE,2,1,US-East,0.244,2,11,0,0,281,0,0
HIST-01661,PATIENT_EXPERIENCE_ADHERENCE,3,1,US-East,0.06,1,240,-1,0,235,1,0
HIST-01662,UNMET_NEED,2,0,US-East,0.294,1,252,-1,0,228,0,0
HIST-01663,EFFICACY_REAL_WORLD,3,0,US-West,0.36,2,245,-1,0,219,1,0
HIST-01664,ACCESS_REIMBURSEMENT,2,0,US-West,0.166,1,192,0,0,188,1,0
HIST-01665,CLINICAL_TRIAL_EXPERIENCE,3,0,US-Central,0.45,5,373,1,0,231,0,0
HIST-01666,SAFETY_TOLERABILITY,1,0,US-West,0.29,5,347,-1,0,105,0,0
HIST-01667,DATA_GAP_EVIDENCE_NEED,2,1,US-East,0.181,1,294,-1,0,144,0,0
HIST-01668,EFFICACY_REAL_WORLD,1,0,US-East,0.233,2,349,-1,0,278,1,0
HIST-01669,PATIENT_SELECTION_POSITIONING,3,0,US-Central,0.072,0,226,0,0,159,1,0
HIST-01670,UNMET_NEED,3,0,US-East,0.599,5,364,0,0,199,1,0
HIST-01671,EFFICACY_REAL_WORLD,3,0,APAC,0.341,4,58,1,0,91,0,0
HIST-01672,CLINICAL_TRIAL_EXPERIENCE,2,0,US-West,0.179,0,49,-1,0,181,1,0
HIST-01673,ACCESS_REIMBURSEMENT,3,0,US-West,0.08,1,78,0,0,171,1,0
HIST-01674,CLINICAL_TRIAL_EXPERIENCE,3,0,US-West,0.428,1,66,-1,0,209,0,0
HIST-01675,SAFETY_TOLERABILITY,2,0,US-East,0.591,8,299,1,0,83,1,1
HIST-01676,GUIDELINES_PRACTICE_PATTERNS,1,0,US-West,0.131,5,130,1,0,197,0,0
HIST-01677,DATA_GAP_EVIDENCE_NEED,3,0,US-West,0.247,11,140,1,1,216,0,0
HIST-01678,CLINICAL_TRIAL_EXPERIENCE,3,0,US-East,0.409,5,124,0,0,191,1,0
HIST-01679,PATIENT_SELECTION_POSITIONING,2,0,US-East,0.023,0,361,1,0,277,0,0
HIST-01680,CLINICAL_TRIAL_EXPERIENCE,1,1,US-East,0.25,3,392,-1,0,233,0,1
HIST-01681,CLINICAL_TRIAL_EXPERIENCE,2,0,US-West,0.282,2,81,0,0,237,0,0
HIST-01682,PATIENT_SELECTION_POSITIONING,2,1,APAC,0.127,1,328,0,0,254,1,0
HIST-01683,DATA_GAP_EVIDENCE_NEED,3,0,EMEA,0.222,1,175,0,0,217,0,0
HIST-01684,EFFICACY_REAL_WORLD,3,0,US-Central,0.315,5,336,-1,0,200,0,0
HIST-01685,PATIENT_EXPERIENCE_ADHERENCE,2,0,APAC,0.235,5,84,-1,0,254,0,0
HIST-01686,DIAGNOSTIC_MONITORING,3,0,US-West,0.124,0,313,-1,0,88,1,0
HIST-01687,CLINICAL_TRIAL_EXPERIENCE,2,1,US-East,0.069,2,49,-1,0,217,0,0
HIST-01688,UNMET_NEED,2,1,US-West,0.164,0,92,-1,0,196,0,0
HIST-01689,GUIDELINES_PRACTICE_PATTERNS,1,0,US-East,0.276,5,251,0,0,187,0,0
HIST-01690,EFFICACY_REAL_WORLD,2,0,APAC,0.08,4,232,-1,0,85,0,0
HIST-01691,DOSING_ADMINISTRATION,1,1,US-East,0.202,9,223,1,0,181,1,0
HIST-01692,UNMET_NEED,2,0,APAC,0.077,2,17,-1,1,165,1,1
HIST-01693,UNMET_NEED,2,1,APAC,0.21,0,105,0,0,159,1,0
HIST-01694,EFFICACY_REAL_WORLD,1,0,APAC,0.56,4,299,0,0,346,1,0
HIST-01695,DIAGNOSTIC_MONITORING,2,0,US-West,0.309,1,185,0,0,204,0,0
HIST-01696,DOSING_ADMINISTRATION,1,1,EMEA,0.487,4,338,1,1,239,0,0
HIST-01697,PATIENT_EXPERIENCE_ADHERENCE,2,0,EMEA,0.256,10,86,0,1,189,0,1
HIST-01698,EFFICACY_REAL_WORLD,2,1,APAC,0.434,8,286,1,0,282,1,0
HIST-01699,EFFICACY_REAL_WORLD,2,0,US-Central,0.242,0,34,-1,0,322,0,0
HIST-01700,SAFETY_TOLERABILITY,2,0,US-East,0.269,4,160,-1,0,177,0,0
HIST-01701,COMPETITIVE_LANDSCAPE,3,0,US-East,0.244,4,376,1,0,232,0,0
HIST-01702,SAFETY_TOLERABILITY,2,0,EMEA,0.228,1,38,-1,0,229,0,0
HIST-01703,GUIDELINES_PRACTICE_PATTERNS,2,1,EMEA,0.306,0,297,-1,0,252,1,0
HIST-01704,EFFICACY_REAL_WORLD,2,0,APAC,0.289,2,145,-1,0,186,0,0
HIST-01705,DIAGNOSTIC_MONITORING,3,0,EMEA,0.098,2,101,0,0,168,0,0
HIST-01706,CLINICAL_TRIAL_EXPERIENCE,3,0,EMEA,0.257,2,346,-1,0,108,1,0
HIST-01707,SAFETY_TOLERABILITY,3,1,APAC,0.219,0,105,-1,0,151,1,0
HIST-01708,PATIENT_SELECTION_POSITIONING,3,0,US-East,0.032,5,205,-1,0,280,1,0
HIST-01709,DATA_GAP_EVIDENCE_NEED,2,1,US-West,0.119,4,325,-1,0,173,0,0
HIST-01710,PATIENT_SELECTION_POSITIONING,3,0,US-Central,0.238,4,30,-1,0,214,1,1
HIST-01711,CLINICAL_TRIAL_EXPERIENCE,3,0,APAC,0.557,8,183,0,0,235,1,1
HIST-01712,COMPETITIVE_LANDSCAPE,3,0,EMEA,0.568,1,95,0,0,258,1,0
HIST-01713,GUIDELINES_PRACTICE_PATTERNS,3,0,US-West,0.038,5,338,-1,0,172,0,0
HIST-01714,PATIENT_EXPERIENCE_ADHERENCE,2,0,APAC,0.219,4,308,0,0,200,0,0
HIST-01715,GUIDELINES_PRACTICE_PATTERNS,3,0,US-East,0.488,1,226,0,1,301,1,0
HIST-01716,EFFICACY_REAL_WORLD,3,0,US-East,0.439,5,136,0,0,251,0,0
HIST-01717,UNMET_NEED,3,1,US-Central,0.533,7,243,-1,0,197,0,1
HIST-01718,COMPETITIVE_LANDSCAPE,2,0,EMEA,0.661,3,64,-1,0,240,0,1
HIST-01719,DIAGNOSTIC_MONITORING,2,0,US-Central,0.197,1,42,-1,0,258,0,0
HIST-01720,GUIDELINES_PRACTICE_PATTERNS,3,1,US-Central,0.34,2,138,-1,0,320,0,0
HIST-01721,PATIENT_SELECTION_POSITIONING,3,0,US-East,0.335,9,345,0,0,217,1,0
HIST-01722,UNMET_NEED,2,0,EMEA,0.145,4,83,0,0,250,0,0
HIST-01723,ACCESS_REIMBURSEMENT,3,0,APAC,0.034,6,69,0,0,286,0,0
HIST-01724,PATIENT_SELECTION_POSITIONING,3,0,US-East,0.353,0,64,0,0,134,1,0
HIST-01725,ACCESS_REIMBURSEMENT,3,0,US-Central,0.077,0,289,-1,0,261,0,0
HIST-01726,DIAGNOSTIC_MONITORING,3,0,US-West,0.29,2,371,1,0,176,0,0
HIST-01727,DIAGNOSTIC_MONITORING,2,0,US-West,0.11,4,23,1,0,122,0,0
HIST-01728,ACCESS_REIMBURSEMENT,1,1,US-West,0.184,6,118,0,0,179,1,1
HIST-01729,COMPETITIVE_LANDSCAPE,1,1,US-Central,0.23,2,101,-1,0,186,1,1
HIST-01730,GUIDELINES_PRACTICE_PATTERNS,2,0,US-East,0.303,0,61,-1,1,280,1,1
HIST-01731,GUIDELINES_PRACTICE_PATTERNS,1,0,US-West,0.215,3,379,0,0,242,0,0
HIST-01732,UNMET_NEED,1,1,APAC,0.261,3,267,-1,0,206,0,0
HIST-01733,GUIDELINES_PRACTICE_PATTERNS,3,1,EMEA,0.194,3,21,-1,1,250,0,0
HIST-01734,GUIDELINES_PRACTICE_PATTERNS,2,0,US-Central,0.156,3,219,0,0,197,0,0
HIST-01735,DIAGNOSTIC_MONITORING,3,0,EMEA,0.017,1,225,-1,1,318,0,0
HIST-01736,UNMET_NEED,3,0,US-Central,0.185,4,105,-1,0,66,0,0
HIST-01737,SAFETY_TOLERABILITY,2,0,US-East,0.176,3,64,0,1,223,1,0
HIST-01738,GUIDELINES_PRACTICE_PATTERNS,3,0,APAC,0.159,0,94,0,0,328,0,0
HIST-01739,DATA_GAP_EVIDENCE_NEED,3,1,EMEA,0.405,1,172,1,0,194,0,0
HIST-01740,EFFICACY_REAL_WORLD,2,0,US-West,0.159,1,150,1,0,196,1,0
HIST-01741,DATA_GAP_EVIDENCE_NEED,2,0,EMEA,0.217,5,311,0,0,240,0,0
HIST-01742,PATIENT_EXPERIENCE_ADHERENCE,3,1,US-West,0.415,4,388,0,0,243,0,0
HIST-01743,PATIENT_SELECTION_POSITIONING,1,1,US-East,0.278,2,204,-1,0,291,1,0
HIST-01744,UNMET_NEED,2,1,APAC,0.421,5,88,0,0,179,0,0
HIST-01745,CLINICAL_TRIAL_EXPERIENCE,2,0,US-West,0.411,1,298,0,0,364,1,1
HIST-01746,DOSING_ADMINISTRATION,2,0,US-West,0.255,1,151,0,0,244,0,0
HIST-01747,GUIDELINES_PRACTICE_PATTERNS,2,0,APAC,0.138,1,301,0,0,39,1,0
HIST-01748,ACCESS_REIMBURSEMENT,3,0,US-Central,0.71,1,227,0,0,207,0,0
HIST-01749,ACCESS_REIMBURSEMENT,2,0,EMEA,0.426,6,95,-1,0,300,0,1
HIST-01750,ACCESS_REIMBURSEMENT,2,0,US-Central,0.037,7,317,-1,0,191,0,0
HIST-01751,DIAGNOSTIC_MONITORING,3,0,US-West,0.235,7,314,-1,0,239,0,0
HIST-01752,DOSING_ADMINISTRATION,2,0,US-Central,0.008,1,120,-1,0,176,0,0
HIST-01753,SAFETY_TOLERABILITY,3,0,US-West,0.299,0,224,0,0,248,0,0
HIST-01754,DIAGNOSTIC_MONITORING,2,0,US-West,0.404,4,66,-1,0,225,0,0
HIST-01755,PATIENT_EXPERIENCE_ADHERENCE,1,0,US-West,0.222,0,288,0,0,127,1,0
HIST-01756,GUIDELINES_PRACTICE_PATTERNS,1,1,US-East,0.148,5,91,-1,0,252,0,0
HIST-01757,UNMET_NEED,2,0,US-West,0.201,0,182,-1,0,281,0,0
HIST-01758,DIAGNOSTIC_MONITORING,1,1,US-East,0.228,9,280,-1,0,239,0,0
HIST-01759,UNMET_NEED,2,0,US-East,0.111,2,60,0,1,170,1,0
HIST-01760,GUIDELINES_PRACTICE_PATTERNS,2,0,US-East,0.067,5,231,-1,0,195,0,0
HIST-01761,GUIDELINES_PRACTICE_PATTERNS,3,1,US-Central,0.124,8,343,-1,0,106,0,0
HIST-01762,DOSING_ADMINISTRATION,3,1,US-Central,0.145,5,330,-1,0,224,0,0
HIST-01763,UNMET_NEED,2,1,US-West,0.448,2,148,0,0,120,0,0
HIST-01764,GUIDELINES_PRACTICE_PATTERNS,2,1,US-West,0.292,5,192,-1,0,224,0,1
HIST-01765,GUIDELINES_PRACTICE_PATTERNS,2,0,US-Central,0.191,10,225,0,0,45,0,0
HIST-01766,PATIENT_EXPERIENCE_ADHERENCE,1,0,US-Central,0.458,6,90,0,0,160,1,0
HIST-01767,DOSING_ADMINISTRATION,3,0,US-West,0.059,9,310,-1,0,64,0,0
HIST-01768,COMPETITIVE_LANDSCAPE,2,0,US-East,0.504,9,66,1,0,171,0,0
HIST-01769,ACCESS_REIMBURSEMENT,2,0,APAC,0.247,7,232,-1,0,151,0,1
HIST-01770,COMPETITIVE_LANDSCAPE,3,0,US-West,0.462,0,235,-1,0,222,1,0
HIST-01771,CLINICAL_TRIAL_EXPERIENCE,2,1,EMEA,0.422,3,46,0,0,196,1,1
HIST-01772,DATA_GAP_EVIDENCE_NEED,2,0,US-Central,0.649,4,300,-1,0,262,0,0
HIST-01773,CLINICAL_TRIAL_EXPERIENCE,1,0,US-Central,0.015,2,75,1,0,108,0,0
HIST-01774,DOSING_ADMINISTRATION,2,0,APAC,0.217,0,152,0,0,197,1,0
HIST-01775,CLINICAL_TRIAL_EXPERIENCE,2,0,US-East,0.341,9,220,-1,0,266,0,1
HIST-01776,DIAGNOSTIC_MONITORING,2,0,EMEA,0.46,0,217,0,0,218,0,0
HIST-01777,EFFICACY_REAL_WORLD,3,0,APAC,0.47,3,275,-1,0,290,1,0
HIST-01778,PATIENT_SELECTION_POSITIONING,3,0,EMEA,0.22,0,324,0,0,215,1,0
HIST-01779,PATIENT_EXPERIENCE_ADHERENCE,2,0,APAC,0.193,2,254,-1,0,120,1,0
HIST-01780,PATIENT_EXPERIENCE_ADHERENCE,2,1,US-East,0.015,0,374,0,0,168,0,0
HIST-01781,PATIENT_SELECTION_POSITIONING,3,0,APAC,0.01,2,341,0,1,169,0,0
HIST-01782,CLINICAL_TRIAL_EXPERIENCE,3,0,US-Central,0.357,5,137,0,0,274,0,0
HIST-01783,ACCESS_REIMBURSEMENT,2,0,EMEA,0.532,5,369,1,0,78,0,0
HIST-01784,ACCESS_REIMBURSEMENT,3,1,APAC,0.588,0,266,0,0,205,0,0
HIST-01785,EFFICACY_REAL_WORLD,2,0,EMEA,0.088,3,183,-1,0,337,1,0
HIST-01786,PATIENT_EXPERIENCE_ADHERENCE,2,0,EMEA,0.446,4,15,-1,0,115,0,0
HIST-01787,CLINICAL_TRIAL_EXPERIENCE,2,0,US-Central,0.577,1,245,0,0,118,1,0
HIST-01788,DATA_GAP_EVIDENCE_NEED,2,0,APAC,0.334,1,121,-1,0,259,0,0
HIST-01789,UNMET_NEED,1,1,US-Central,0.364,1,149,-1,0,176,0,0
HIST-01790,PATIENT_EXPERIENCE_ADHERENCE,2,1,US-West,0.25,1,322,0,0,224,1,0
HIST-01791,EFFICACY_REAL_WORLD,2,0,APAC,0.543,2,357,-1,0,92,0,0
HIST-01792,EFFICACY_REAL_WORLD,2,0,US-Central,0.437,3,198,0,0,233,0,0
HIST-01793,PATIENT_SELECTION_POSITIONING,2,0,US-Central,0.218,6,57,-1,0,307,0,0
HIST-01794,DIAGNOSTIC_MONITORING,2,1,APAC,0.139,11,33,-1,0,242,0,1
HIST-01795,ACCESS_REIMBURSEMENT,1,0,US-Central,0.262,9,197,0,0,131,0,0
HIST-01796,PATIENT_EXPERIENCE_ADHERENCE,3,0,APAC,0.286,5,363,-1,0,141,0,0
HIST-01797,DIAGNOSTIC_MONITORING,1,0,APAC,0.065,0,136,-1,0,297,0,0
HIST-01798,GUIDELINES_PRACTICE_PATTERNS,2,0,US-West,0.267,2,233,-1,0,161,1,0
HIST-01799,CLINICAL_TRIAL_EXPERIENCE,1,0,US-West,0.402,0,72,0,0,160,0,0
HIST-01800,DATA_GAP_EVIDENCE_NEED,2,0,US-West,0.362,1,66,-1,0,256,1,0
HIST-01801,COMPETITIVE_LANDSCAPE,2,0,US-West,0.142,2,166,0,0,351,0,0
HIST-01802,EFFICACY_REAL_WORLD,2,1,APAC,0.431,6,199,1,0,265,0,0
HIST-01803,SAFETY_TOLERABILITY,3,0,US-West,0.569,5,289,-1,0,193,0,0
HIST-01804,COMPETITIVE_LANDSCAPE,1,0,APAC,0.417,1,251,-1,0,221,0,0
HIST-01805,PATIENT_SELECTION_POSITIONING,2,0,APAC,0.592,1,238,0,0,205,1,0
HIST-01806,DIAGNOSTIC_MONITORING,1,0,US-East,0.224,1,267,0,0,104,0,0
HIST-01807,UNMET_NEED,3,0,EMEA,0.297,7,21,0,0,244,0,0
HIST-01808,ACCESS_REIMBURSEMENT,3,0,APAC,0.196,0,346,-1,0,180,1,0
HIST-01809,ACCESS_REIMBURSEMENT,3,1,US-West,0.089,3,273,0,0,66,1,0
HIST-01810,PATIENT_EXPERIENCE_ADHERENCE,2,0,US-West,0.242,7,25,1,0,170,0,0
HIST-01811,SAFETY_TOLERABILITY,2,1,EMEA,0.51,0,256,0,0,249,0,1
HIST-01812,ACCESS_REIMBURSEMENT,2,0,APAC,0.348,4,211,0,0,114,0,0
HIST-01813,CLINICAL_TRIAL_EXPERIENCE,2,0,APAC,0.246,5,74,-1,1,258,0,0
HIST-01814,DOSING_ADMINISTRATION,2,0,US-West,0.343,8,233,1,0,231,1,0
HIST-01815,GUIDELINES_PRACTICE_PATTERNS,2,1,US-Central,0.25,4,94,-1,1,230,0,0
HIST-01816,UNMET_NEED,1,0,US-East,0.333,2,192,1,1,162,0,1
HIST-01817,GUIDELINES_PRACTICE_PATTERNS,2,0,EMEA,0.298,8,236,1,0,230,0,0
HIST-01818,CLINICAL_TRIAL_EXPERIENCE,1,1,US-Central,0.246,0,269,1,0,385,1,0
HIST-01819,UNMET_NEED,2,0,US-East,0.048,2,184,-1,0,187,1,0
HIST-01820,DOSING_ADMINISTRATION,2,1,APAC,0.461,5,107,-1,0,264,1,0
HIST-01821,EFFICACY_REAL_WORLD,1,1,APAC,0.419,2,4,0,1,289,1,1
HIST-01822,SAFETY_TOLERABILITY,1,0,US-Central,0.188,0,276,-1,0,174,0,0
HIST-01823,PATIENT_SELECTION_POSITIONING,3,0,US-East,0.419,3,241,-1,0,247,0,0
HIST-01824,GUIDELINES_PRACTICE_PATTERNS,1,1,US-West,0.198,7,213,-1,0,234,0,0
HIST-01825,PATIENT_EXPERIENCE_ADHERENCE,1,1,APAC,0.523,6,330,0,1,136,0,0
HIST-01826,SAFETY_TOLERABILITY,2,1,EMEA,0.349,5,26,0,0,100,1,0
HIST-01827,UNMET_NEED,3,0,US-West,0.161,7,27,0,0,98,1,0
HIST-01828,COMPETITIVE_LANDSCAPE,3,0,APAC,0.136,2,358,0,0,203,0,0
HIST-01829,CLINICAL_TRIAL_EXPERIENCE,2,0,US-East,0.283,10,309,0,0,262,0,0
HIST-01830,PATIENT_EXPERIENCE_ADHERENCE,2,1,US-West,0.477,5,95,1,0,179,0,0
HIST-01831,UNMET_NEED,3,0,EMEA,0.179,10,167,-1,0,212,0,0
HIST-01832,DATA_GAP_EVIDENCE_NEED,2,0,US-Central,0.277,0,383,-1,0,155,1,0
HIST-01833,DIAGNOSTIC_MONITORING,2,0,EMEA,0.171,1,118,1,0,186,1,0
HIST-01834,EFFICACY_REAL_WORLD,3,0,US-East,0.203,2,102,-1,0,206,1,0
HIST-01835,SAFETY_TOLERABILITY,2,0,US-East,0.363,0,236,-1,0,258,0,0
HIST-01836,SAFETY_TOLERABILITY,1,1,APAC,0.352,10,214,1,0,185,0,1
HIST-01837,PATIENT_EXPERIENCE_ADHERENCE,2,0,US-Central,0.121,0,43,-1,0,111,0,0
HIST-01838,CLINICAL_TRIAL_EXPERIENCE,2,1,APAC,0.124,4,18,0,0,196,1,1
HIST-01839,EFFICACY_REAL_WORLD,3,0,APAC,0.045,0,143,-1,0,187,0,0
HIST-01840,UNMET_NEED,2,0,APAC,0.212,2,180,0,0,259,1,0
HIST-01841,DATA_GAP_EVIDENCE_NEED,3,0,US-West,0.484,4,114,0,0,250,1,0
HIST-01842,CLINICAL_TRIAL_EXPERIENCE,2,0,US-West,0.331,4,341,0,0,296,1,0
HIST-01843,EFFICACY_REAL_WORLD,2,0,EMEA,0.553,1,218,1,0,194,1,1
HIST-01844,PATIENT_EXPERIENCE_ADHERENCE,2,0,US-East,0.019,6,163,0,0,170,0,0
HIST-01845,CLINICAL_TRIAL_EXPERIENCE,1,0,US-East,0.136,1,143,0,0,252,0,0
HIST-01846,COMPETITIVE_LANDSCAPE,2,0,US-West,0.284,0,63,-1,0,73,1,0
HIST-01847,DIAGNOSTIC_MONITORING,3,0,APAC,0.426,1,282,1,0,148,0,0
HIST-01848,ACCESS_REIMBURSEMENT,1,1,US-West,0.129,8,118,0,0,85,0,0
HIST-01849,DATA_GAP_EVIDENCE_NEED,1,1,US-Central,0.048,5,360,0,0,184,0,1
HIST-01850,PATIENT_SELECTION_POSITIONING,3,0,US-West,0.125,1,171,-1,0,329,1,0
HIST-01851,COMPETITIVE_LANDSCAPE,2,0,US-East,0.312,5,121,-1,0,278,0,1
HIST-01852,PATIENT_EXPERIENCE_ADHERENCE,3,0,US-Central,0.164,0,310,1,1,171,1,0
HIST-01853,DOSING_ADMINISTRATION,3,0,APAC,0.159,3,272,0,0,177,0,0
HIST-01854,DOSING_ADMINISTRATION,3,0,US-East,0.228,5,253,0,0,88,1,0
HIST-01855,UNMET_NEED,3,1,APAC,0.296,6,325,-1,0,170,0,0
HIST-01856,COMPETITIVE_LANDSCAPE,2,0,EMEA,0.65,4,131,-1,0,268,0,0
HIST-01857,PATIENT_SELECTION_POSITIONING,2,0,US-Central,0.218,3,170,-1,0,98,0,0
HIST-01858,CLINICAL_TRIAL_EXPERIENCE,1,1,APAC,0.255,7,83,0,0,204,0,0
HIST-01859,PATIENT_EXPERIENCE_ADHERENCE,2,0,US-West,0.088,1,154,0,0,270,0,0
HIST-01860,UNMET_NEED,3,1,US-East,0.231,2,83,0,0,272,0,0
HIST-01861,COMPETITIVE_LANDSCAPE,3,0,US-West,0.299,4,300,1,1,260,0,0
HIST-01862,EFFICACY_REAL_WORLD,2,0,US-East,0.389,1,55,0,0,236,1,1
HIST-01863,GUIDELINES_PRACTICE_PATTERNS,2,0,US-East,0.127,1,364,0,1,200,0,0
HIST-01864,SAFETY_TOLERABILITY,3,0,EMEA,0.383,9,65,0,0,253,0,0
HIST-01865,CLINICAL_TRIAL_EXPERIENCE,1,0,US-East,0.376,0,348,0,0,214,0,0
HIST-01866,CLINICAL_TRIAL_EXPERIENCE,2,1,US-East,0.522,0,29,1,0,168,1,1
HIST-01867,DOSING_ADMINISTRATION,2,0,EMEA,0.179,4,155,-1,0,215,0,0
HIST-01868,CLINICAL_TRIAL_EXPERIENCE,2,0,US-Central,0.288,1,276,1,0,165,1,0
HIST-01869,EFFICACY_REAL_WORLD,2,0,US-East,0.404,1,388,-1,0,184,1,0
HIST-01870,PATIENT_SELECTION_POSITIONING,1,1,US-Central,0.257,7,95,0,0,280,1,0
HIST-01871,GUIDELINES_PRACTICE_PATTERNS,2,0,EMEA,0.29,2,27,-1,0,286,0,0
HIST-01872,GUIDELINES_PRACTICE_PATTERNS,1,0,US-West,0.499,0,178,-1,0,181,1,1
HIST-01873,PATIENT_SELECTION_POSITIONING,3,1,US-East,0.027,6,363,0,1,93,0,0
HIST-01874,CLINICAL_TRIAL_EXPERIENCE,2,0,EMEA,0.086,11,211,0,0,219,0,0
HIST-01875,GUIDELINES_PRACTICE_PATTERNS,2,0,US-Central,0.342,5,66,0,0,194,1,0
HIST-01876,EFFICACY_REAL_WORLD,3,0,US-West,0.265,1,297,0,0,281,0,0
HIST-01877,CLINICAL_TRIAL_EXPERIENCE,1,1,US-East,0.134,2,327,-1,0,187,0,0
HIST-01878,EFFICACY_REAL_WORLD,2,0,US-West,0.153,2,130,1,0,225,1,0
HIST-01879,DIAGNOSTIC_MONITORING,2,0,US-Central,0.379,1,315,0,0,261,1,0
HIST-01880,CLINICAL_TRIAL_EXPERIENCE,2,1,US-Central,0.574,0,11,0,0,109,1,0
HIST-01881,PATIENT_EXPERIENCE_ADHERENCE,3,1,US-East,0.066,0,255,-1,0,232,1,0
HIST-01882,ACCESS_REIMBURSEMENT,2,0,US-Central,0.494,0,65,1,0,220,0,0
HIST-01883,COMPETITIVE_LANDSCAPE,2,0,US-West,0.126,7,87,0,0,275,1,0
HIST-01884,SAFETY_TOLERABILITY,2,1,APAC,0.326,0,131,1,0,138,0,0
HIST-01885,DATA_GAP_EVIDENCE_NEED,2,0,US-East,0.358,2,62,-1,0,95,1,1
HIST-01886,UNMET_NEED,2,0,US-East,0.092,9,48,-1,0,259,0,0
HIST-01887,DIAGNOSTIC_MONITORING,2,0,US-Central,0.534,3,240,0,0,248,1,0
HIST-01888,DIAGNOSTIC_MONITORING,3,0,EMEA,0.087,3,206,-1,0,319,1,0
HIST-01889,GUIDELINES_PRACTICE_PATTERNS,2,0,APAC,0.457,0,181,-1,0,175,0,0
HIST-01890,DATA_GAP_EVIDENCE_NEED,1,1,APAC,0.25,5,247,-1,0,121,0,0
HIST-01891,ACCESS_REIMBURSEMENT,2,0,EMEA,0.225,1,357,1,0,241,1,0
HIST-01892,PATIENT_EXPERIENCE_ADHERENCE,2,1,APAC,0.411,2,38,-1,0,394,0,1
HIST-01893,EFFICACY_REAL_WORLD,1,0,EMEA,0.662,4,126,-1,0,161,1,1
HIST-01894,UNMET_NEED,1,1,US-East,0.603,1,109,0,0,205,0,0
HIST-01895,UNMET_NEED,3,0,APAC,0.546,6,132,-1,0,131,1,0
HIST-01896,PATIENT_SELECTION_POSITIONING,3,1,US-Central,0.103,7,303,1,0,150,1,1
HIST-01897,ACCESS_REIMBURSEMENT,1,1,US-East,0.394,2,298,0,0,240,0,1
HIST-01898,CLINICAL_TRIAL_EXPERIENCE,2,0,US-West,0.469,2,19,-1,0,198,1,0
HIST-01899,PATIENT_EXPERIENCE_ADHERENCE,2,1,APAC,0.363,1,122,-1,0,240,1,0
HIST-01900,COMPETITIVE_LANDSCAPE,2,0,US-Central,0.276,5,211,-1,0,186,0,0
HIST-01901,ACCESS_REIMBURSEMENT,1,1,US-East,0.27,3,254,-1,0,178,0,0
HIST-01902,SAFETY_TOLERABILITY,1,0,US-East,0.379,3,173,-1,0,208,1,1
HIST-01903,PATIENT_SELECTION_POSITIONING,3,0,US-West,0.2,10,106,-1,0,183,0,0
HIST-01904,EFFICACY_REAL_WORLD,2,0,US-Central,0.281,1,171,0,0,256,0,0
HIST-01905,PATIENT_SELECTION_POSITIONING,1,0,APAC,0.056,0,399,0,0,214,1,0
HIST-01906,PATIENT_EXPERIENCE_ADHERENCE,2,1,US-Central,0.313,1,211,-1,1,107,1,0
HIST-01907,DOSING_ADMINISTRATION,2,1,EMEA,0.249,4,54,0,0,160,0,0
HIST-01908,DIAGNOSTIC_MONITORING,3,0,US-West,0.447,7,208,0,0,196,1,0
HIST-01909,DIAGNOSTIC_MONITORING,1,1,US-East,0.385,2,297,1,0,92,1,1
HIST-01910,SAFETY_TOLERABILITY,3,0,EMEA,0.533,2,148,-1,0,184,0,0
HIST-01911,EFFICACY_REAL_WORLD,1,0,US-West,0.105,4,244,0,0,144,1,0
HIST-01912,UNMET_NEED,2,0,US-Central,0.208,10,241,-1,0,207,0,0
HIST-01913,DIAGNOSTIC_MONITORING,2,1,APAC,0.081,9,3,1,0,190,0,0
HIST-01914,UNMET_NEED,3,0,US-East,0.432,3,2,-1,1,133,1,1
HIST-01915,UNMET_NEED,3,0,EMEA,0.182,1,104,0,0,199,0,0
HIST-01916,DATA_GAP_EVIDENCE_NEED,2,0,US-Central,0.285,4,319,0,0,92,1,0
HIST-01917,EFFICACY_REAL_WORLD,2,0,EMEA,0.489,2,18,0,0,207,1,1
HIST-01918,UNMET_NEED,2,1,US-West,0.349,1,355,-1,0,118,0,0
HIST-01919,GUIDELINES_PRACTICE_PATTERNS,1,1,US-West,0.081,4,7,0,0,252,1,0
HIST-01920,EFFICACY_REAL_WORLD,3,0,US-Central,0.536,6,233,-1,0,113,1,1
HIST-01921,GUIDELINES_PRACTICE_PATTERNS,1,1,EMEA,0.346,10,34,0,0,163,0,0
HIST-01922,COMPETITIVE_LANDSCAPE,2,1,US-West,0.117,2,366,0,0,260,1,0
HIST-01923,DOSING_ADMINISTRATION,2,0,US-Central,0.362,3,21,1,0,220,0,0
HIST-01924,EFFICACY_REAL_WORLD,2,0,US-West,0.157,0,2,0,0,250,0,0
HIST-01925,GUIDELINES_PRACTICE_PATTERNS,2,0,US-East,0.067,1,118,0,0,358,0,0
HIST-01926,GUIDELINES_PRACTICE_PATTERNS,2,0,EMEA,0.062,7,395,1,0,135,0,0
HIST-01927,GUIDELINES_PRACTICE_PATTERNS,1,0,US-West,0.348,2,75,-1,0,336,0,0
HIST-01928,DOSING_ADMINISTRATION,3,0,US-East,0.36,4,337,-1,0,188,0,0
HIST-01929,GUIDELINES_PRACTICE_PATTERNS,2,0,EMEA,0.512,11,312,1,0,348,0,0
HIST-01930,DIAGNOSTIC_MONITORING,2,0,US-Central,0.326,4,269,1,0,138,0,0
HIST-01931,UNMET_NEED,2,0,US-West,0.333,5,75,-1,0,150,0,0
HIST-01932,UNMET_NEED,2,0,EMEA,0.083,4,55,-1,0,211,0,0
HIST-01933,DOSING_ADMINISTRATION,1,0,APAC,0.317,2,116,0,0,208,0,0
HIST-01934,CLINICAL_TRIAL_EXPERIENCE,2,0,US-Central,0.111,2,24,-1,0,282,0,0
HIST-01935,CLINICAL_TRIAL_EXPERIENCE,1,1,US-Central,0.107,1,145,-1,0,102,0,0
HIST-01936,UNMET_NEED,1,0,US-East,0.381,8,164,-1,0,216,0,0
HIST-01937,PATIENT_SELECTION_POSITIONING,3,1,APAC,0.266,1,285,-1,0,128,1,0
HIST-01938,DIAGNOSTIC_MONITORING,1,0,US-Central,0.472,1,56,0,0,285,1,0
HIST-01939,UNMET_NEED,2,0,US-Central,0.201,7,206,0,0,174,1,0
HIST-01940,PATIENT_SELECTION_POSITIONING,3,0,US-Central,0.229,1,386,-1,0,190,0,0
HIST-01941,UNMET_NEED,2,0,EMEA,0.132,2,179,0,0,224,1,0
HIST-01942,PATIENT_SELECTION_POSITIONING,3,0,US-East,0.175,4,178,0,0,153,0,0
HIST-01943,DIAGNOSTIC_MONITORING,3,1,US-Central,0.093,4,188,-1,1,258,1,0
HIST-01944,CLINICAL_TRIAL_EXPERIENCE,2,1,APAC,0.021,1,86,0,0,125,0,0
HIST-01945,UNMET_NEED,3,0,US-Central,0.096,6,250,0,0,147,0,0
HIST-01946,SAFETY_TOLERABILITY,2,0,US-East,0.179,8,37,0,0,233,1,0
HIST-01947,COMPETITIVE_LANDSCAPE,3,0,US-East,0.038,6,40,-1,0,215,0,0
HIST-01948,PATIENT_SELECTION_POSITIONING,2,0,US-Central,0.391,2,317,-1,0,138,1,0
HIST-01949,PATIENT_SELECTION_POSITIONING,3,0,EMEA,0.459,5,317,1,0,143,0,0
HIST-01950,DATA_GAP_EVIDENCE_NEED,1,1,US-East,0.249,8,208,-1,0,235,0,1
HIST-01951,DOSING_ADMINISTRATION,2,1,APAC,0.371,0,366,0,0,22,0,0
HIST-01952,PATIENT_SELECTION_POSITIONING,1,1,US-East,0.226,0,267,-1,0,219,0,0
HIST-01953,EFFICACY_REAL_WORLD,2,0,APAC,0.163,0,137,-1,1,199,0,0
HIST-01954,PATIENT_SELECTION_POSITIONING,3,0,US-Central,0.284,5,248,1,0,253,0,0
HIST-01955,CLINICAL_TRIAL_EXPERIENCE,1,0,US-Central,0.601,2,373,-1,0,173,0,0
HIST-01956,DIAGNOSTIC_MONITORING,3,0,US-West,0.137,2,324,-1,0,120,0,0
HIST-01957,UNMET_NEED,2,0,EMEA,0.233,0,313,1,0,175,0,0
HIST-01958,DATA_GAP_EVIDENCE_NEED,1,1,APAC,0.152,5,343,-1,0,130,1,0
HIST-01959,UNMET_NEED,2,0,US-West,0.287,8,195,-1,0,229,0,0
HIST-01960,CLINICAL_TRIAL_EXPERIENCE,3,1,US-East,0.264,2,127,-1,0,155,0,0
HIST-01961,CLINICAL_TRIAL_EXPERIENCE,1,0,US-West,0.227,0,342,1,0,388,0,0
HIST-01962,COMPETITIVE_LANDSCAPE,2,0,US-Central,0.3,3,99,1,0,209,0,0
HIST-01963,CLINICAL_TRIAL_EXPERIENCE,2,0,EMEA,0.229,8,270,0,0,205,1,0
HIST-01964,ACCESS_REIMBURSEMENT,1,1,EMEA,0.307,1,161,0,0,138,0,0
HIST-01965,GUIDELINES_PRACTICE_PATTERNS,1,0,US-West,0.138,0,297,-1,0,136,1,0
HIST-01966,PATIENT_EXPERIENCE_ADHERENCE,1,1,EMEA,0.222,3,74,0,1,132,0,1
HIST-01967,DIAGNOSTIC_MONITORING,2,1,US-East,0.147,3,315,0,0,176,0,0
HIST-01968,GUIDELINES_PRACTICE_PATTERNS,1,0,EMEA,0.416,5,167,1,0,198,0,0
HIST-01969,EFFICACY_REAL_WORLD,3,0,US-Central,0.318,6,230,0,1,79,1,1
HIST-01970,CLINICAL_TRIAL_EXPERIENCE,1,1,US-West,0.05,2,318,0,0,214,1,1
HIST-01971,DOSING_ADMINISTRATION,2,0,US-East,0.075,1,144,-1,0,245,0,0
HIST-01972,GUIDELINES_PRACTICE_PATTERNS,2,1,EMEA,0.399,1,150,0,0,187,1,0
HIST-01973,CLINICAL_TRIAL_EXPERIENCE,3,0,EMEA,0.182,0,160,1,0,114,1,0
HIST-01974,UNMET_NEED,2,0,US-Central,0.133,2,272,1,0,214,1,0
HIST-01975,PATIENT_EXPERIENCE_ADHERENCE,2,0,US-East,0.048,4,21,-1,1,176,0,0
HIST-01976,DIAGNOSTIC_MONITORING,2,0,US-Central,0.475,1,40,-1,0,174,0,0
HIST-01977,SAFETY_TOLERABILITY,1,1,APAC,0.316,0,40,-1,0,167,1,1
HIST-01978,COMPETITIVE_LANDSCAPE,3,1,US-Central,0.175,5,133,-1,1,205,0,0
HIST-01979,DOSING_ADMINISTRATION,3,1,APAC,0.591,5,229,-1,0,236,1,0
HIST-01980,DOSING_ADMINISTRATION,2,1,US-East,0.154,3,186,-1,0,134,1,0
HIST-01981,GUIDELINES_PRACTICE_PATTERNS,1,1,US-Central,0.245,4,144,-1,0,291,0,0
HIST-01982,DOSING_ADMINISTRATION,1,1,US-Central,0.237,5,376,1,0,204,0,0
HIST-01983,SAFETY_TOLERABILITY,2,0,US-East,0.086,8,89,0,0,218,0,0
HIST-01984,SAFETY_TOLERABILITY,1,1,US-East,0.328,4,74,1,0,148,1,1
HIST-01985,CLINICAL_TRIAL_EXPERIENCE,3,1,EMEA,0.282,3,314,1,0,281,0,0
HIST-01986,DOSING_ADMINISTRATION,2,0,EMEA,0.391,2,312,-1,0,318,0,0
HIST-01987,ACCESS_REIMBURSEMENT,3,0,US-West,0.306,0,307,0,0,156,0,0
HIST-01988,DATA_GAP_EVIDENCE_NEED,1,1,US-Central,0.166,9,70,1,0,127,0,0
HIST-01989,CLINICAL_TRIAL_EXPERIENCE,2,0,APAC,0.092,3,12,-1,0,238,0,0
HIST-01990,DOSING_ADMINISTRATION,3,0,US-West,0.081,2,132,1,0,42,0,0
HIST-01991,UNMET_NEED,1,1,US-Central,0.085,11,112,-1,0,80,1,0
HIST-01992,ACCESS_REIMBURSEMENT,2,0,APAC,0.243,5,86,-1,0,208,1,0
HIST-01993,PATIENT_SELECTION_POSITIONING,1,1,US-East,0.172,1,54,1,0,391,1,0
HIST-01994,ACCESS_REIMBURSEMENT,1,1,EMEA,0.199,2,98,1,0,88,1,0
HIST-01995,ACCESS_REIMBURSEMENT,3,0,US-Central,0.387,3,153,0,0,118,0,0
HIST-01996,EFFICACY_REAL_WORLD,1,0,US-East,0.249,4,158,0,1,230,1,0
HIST-01997,GUIDELINES_PRACTICE_PATTERNS,1,1,US-East,0.605,10,346,-1,0,166,1,1
HIST-01998,CLINICAL_TRIAL_EXPERIENCE,1,1,APAC,0.337,2,337,0,0,44,1,0
HIST-01999,DIAGNOSTIC_MONITORING,3,0,APAC,0.065,9,227,-1,0,75,0,0
HIST-02000,PATIENT_SELECTION_POSITIONING,2,0,US-East,0.332,2,380,0,0,80,0,0
